DATE,VER_NUM,WAVE_STR,WAVELNTH,T_START,T_STOP,EFFA_P1,EFFA_P2,EFFA_P3,EFF_AREA,EFF_WVLN
2020-11-02T11:14:52Z,10,131_THICK,131.0,2010-03-24T00:00:00.000,2011-02-24T19:00:00.000,-0.000383,0.0,0.0,0.101769,131.199997
2017-12-10T05:05:04Z,8,131_THICK,131.0,2010-03-24T00:00:00.000,2011-02-24T19:00:00.000,-0.000324,0.0,0.0,0.092281,131.199997
2020-07-06T21:54:29Z,9,131_THICK,131.0,2010-03-24T00:00:00.000,2011-02-24T19:00:00.000,-0.000377,0.0,0.0,0.101531,131.199997
2011-09-29T00:00:00Z,1,131_THICK,131.0,2010-03-24T00:00:00.000,2030-04-30T23:59:57.000,0.0,0.0,0.0,0.097468,131.199997
2012-01-05T00:00:00Z,2,131_THICK,131.0,2010-03-24T00:00:00.000,2011-02-24T19:00:00.000,0.0,0.0,0.0,0.075027,131.199997
2010-11-23T00:00:00Z,1,131_THICK,131.0,2010-03-24T00:00:00.000,2011-03-24T00:00:00.000,0.0,0.0,0.0,0.097,131.199997
2012-09-26T00:00:00Z,3,131_THICK,131.0,2010-03-24T00:00:00.000,2011-02-24T19:00:00.000,0.0,0.0,0.0,0.075027,131.199997
2011-04-29T00:00:00Z,1,131_THICK,131.0,2010-03-24T00:00:00.000,2012-01-01T00:00:00.000,0.0,0.0,0.0,0.097,131.199997
2020-11-02T11:14:52Z,10,131_THIN,131.0,2010-03-24T00:00:00.000,2011-02-24T19:00:00.000,-0.000383,0.0,0.0,1.223503,131.199997
2012-01-05T00:00:00Z,2,131_THIN,131.0,2010-03-24T00:00:00.000,2011-02-24T19:00:00.000,0.0,0.0,0.0,0.901996,131.199997
2011-04-29T00:00:00Z,1,131_THIN,131.0,2010-03-24T00:00:00.000,2012-01-01T00:00:00.000,0.0,0.0,0.0,1.172,131.199997
2011-09-29T00:00:00Z,1,131_THIN,131.0,2010-03-24T00:00:00.000,2030-04-30T23:59:57.000,0.0,0.0,0.0,1.17179,131.199997
2020-07-06T21:54:29Z,9,131_THIN,131.0,2010-03-24T00:00:00.000,2011-02-24T19:00:00.000,-0.000377,0.0,0.0,1.22064,131.199997
2010-11-23T00:00:00Z,1,131_THIN,131.0,2010-03-24T00:00:00.000,2011-03-24T00:00:00.000,0.0,0.0,0.0,1.172,131.199997
2012-09-26T00:00:00Z,3,131_THIN,131.0,2010-03-24T00:00:00.000,2011-02-24T19:00:00.000,0.0,0.0,0.0,0.901996,131.199997
2017-12-10T05:05:04Z,8,131_THIN,131.0,2010-03-24T00:00:00.000,2011-02-24T19:00:00.000,-0.000324,0.0,0.0,1.10943,131.199997
2011-04-29T00:00:00Z,1,1600,1600.0,2010-03-24T00:00:00.000,2012-01-01T00:00:00.000,0.0,0.0,0.0,0.0193,1600.0
2012-09-26T00:00:00Z,3,1600,1600.0,2010-03-24T00:00:00.000,2011-01-27T15:00:00.000,-0.000126,0.0,0.0,0.009176,1600.0
2011-09-29T00:00:00Z,1,1600,1600.0,2010-03-24T00:00:00.000,2030-04-30T23:59:57.000,0.0,0.0,0.0,0.019247,1600.0
2017-12-10T05:06:12Z,8,1600,1600.0,2010-03-24T00:00:00.000,2011-01-27T15:00:00.000,-0.000116,0.0,0.0,0.012911,1600.0
2010-11-23T00:00:00Z,1,1600,1600.0,2010-03-24T00:00:00.000,2011-03-24T00:00:00.000,0.0,0.0,0.0,0.0193,1600.0
2020-07-06T21:54:47Z,9,1600,1600.0,2010-03-24T00:00:00.000,2011-01-27T15:00:00.000,-0.000156,0.0,0.0,0.011948,1600.0
2020-11-02T21:54:47Z,10,1600,1600.0,2010-03-24T00:00:00.000,2011-01-27T15:00:00.000,-0.00016,0.0,0.0,0.01195,1600.0
2012-01-05T00:00:00Z,2,1600,1600.0,2010-03-24T00:00:00.000,2011-01-27T15:00:00.000,0.0,0.0,0.0,0.008971,1600.0
2010-11-23T00:00:00Z,1,1700,1700.0,2010-03-24T00:00:00.000,2011-03-24T00:00:00.000,0.0,0.0,0.0,0.0389,1700.0
2020-11-02T21:54:50Z,10,1700,1700.0,2010-03-24T00:00:00.000,2011-01-27T15:00:00.000,4e-05,0.0,0.0,0.0344,1700.0
2012-09-26T00:00:00Z,3,1700,1700.0,2010-03-24T00:00:00.000,2011-01-27T15:00:00.000,0.0,0.0,0.0,0.052599,1700.0
2012-01-05T00:00:00Z,2,1700,1700.0,2010-03-24T00:00:00.000,2011-01-27T15:00:00.000,0.0,0.0,0.0,0.052599,1700.0
2011-09-29T00:00:00Z,1,1700,1700.0,2010-03-24T00:00:00.000,2030-04-30T23:59:57.000,0.0,0.0,0.0,0.038937,1700.0
2020-07-06T21:54:50Z,9,1700,1700.0,2010-03-24T00:00:00.000,2011-01-27T15:00:00.000,4.1e-05,0.0,0.0,0.034396,1700.0
2017-12-10T05:06:20Z,8,1700,1700.0,2010-03-24T00:00:00.000,2011-01-27T15:00:00.000,0.0,0.0,0.0,0.037697,1700.0
2011-04-29T00:00:00Z,1,1700,1700.0,2010-03-24T00:00:00.000,2012-01-01T00:00:00.000,0.0,0.0,0.0,0.0389,1700.0
2011-09-29T00:00:00Z,1,171_THICK,171.0,2010-03-24T00:00:00.000,2030-04-30T23:59:57.000,0.0,0.0,0.0,2.37576,171.100006
2017-12-10T05:05:15Z,8,171_THICK,171.0,2010-03-24T00:00:00.000,2011-01-27T15:00:00.000,-0.000156,0.0,0.0,2.85812,171.100006
2020-07-06T21:54:31Z,9,171_THICK,171.0,2010-03-24T00:00:00.000,2011-01-27T15:00:00.000,-0.000127,0.0,0.0,2.34063,171.100006
2010-11-23T00:00:00Z,1,171_THICK,171.0,2010-03-24T00:00:00.000,2011-03-24T00:00:00.000,0.0,0.0,0.0,2.376,171.100006
2012-09-26T00:00:00Z,3,171_THICK,171.0,2010-03-24T00:00:00.000,2011-01-27T15:00:00.000,0.0,0.0,0.0,1.98071,171.100006
2011-04-29T00:00:00Z,1,171_THICK,171.0,2010-03-24T00:00:00.000,2012-01-01T00:00:00.000,0.0,0.0,0.0,2.376,171.100006
2012-01-05T00:00:00Z,2,171_THICK,171.0,2010-03-24T00:00:00.000,2011-01-27T15:00:00.000,0.0,0.0,0.0,1.98071,171.100006
2020-11-02T11:14:52Z,10,171_THICK,171.0,2010-03-24T00:00:00.000,2011-01-27T15:00:00.000,-2e-05,0.0,0.0,2.299805,171.100006
2020-07-06T21:54:31Z,9,171_THIN,171.0,2010-03-24T00:00:00.000,2011-01-27T15:00:00.000,-0.000127,0.0,0.0,2.83877,171.100006
2011-04-29T00:00:00Z,1,171_THIN,171.0,2010-03-24T00:00:00.000,2012-01-01T00:00:00.000,0.0,0.0,0.0,2.881,171.100006
2017-12-10T05:05:15Z,8,171_THIN,171.0,2010-03-24T00:00:00.000,2011-01-27T15:00:00.000,-0.000156,0.0,0.0,3.46641,171.100006
2020-11-02T11:14:52Z,10,171_THIN,171.0,2010-03-24T00:00:00.000,2011-01-27T15:00:00.000,-2e-05,0.0,0.0,2.789257,171.100006
2011-09-29T00:00:00Z,1,171_THIN,171.0,2010-03-24T00:00:00.000,2030-04-30T23:59:57.000,0.0,0.0,0.0,2.88139,171.100006
2010-11-23T00:00:00Z,1,171_THIN,171.0,2010-03-24T00:00:00.000,2011-03-24T00:00:00.000,0.0,0.0,0.0,2.881,171.100006
2012-01-05T00:00:00Z,2,171_THIN,171.0,2010-03-24T00:00:00.000,2011-01-27T15:00:00.000,0.0,0.0,0.0,2.40226,171.100006
2012-09-26T00:00:00Z,3,171_THIN,171.0,2010-03-24T00:00:00.000,2011-01-27T15:00:00.000,0.0,0.0,0.0,2.40226,171.100006
2011-04-29T00:00:00Z,1,193_THICK,193.0,2010-03-24T00:00:00.000,2012-01-01T00:00:00.000,0.0,0.0,0.0,0.991,195.100006
2020-07-06T21:54:34Z,9,193_THICK,193.0,2010-03-24T00:00:00.000,2011-01-27T15:00:00.000,-5.3e-05,0.0,0.0,1.19136,195.100006
2011-09-29T00:00:00Z,1,193_THICK,193.0,2010-03-24T00:00:00.000,2030-04-30T23:59:57.000,0.0,0.0,0.0,0.991372,195.100006
2017-12-10T05:05:25Z,8,193_THICK,193.0,2010-03-24T00:00:00.000,2011-01-27T15:00:00.000,-6e-05,0.0,0.0,1.19162,195.100006
2020-11-02T11:14:52Z,10,193_THICK,193.0,2010-03-24T00:00:00.000,2011-01-27T15:00:00.000,-6e-05,0.0,0.0,1.194898,195.100006
2010-11-23T00:00:00Z,1,193_THICK,193.0,2010-03-24T00:00:00.000,2011-03-24T00:00:00.000,0.0,0.0,0.0,0.991,195.100006
2012-09-26T00:00:00Z,3,193_THICK,193.0,2010-03-24T00:00:00.000,2011-01-27T15:00:00.000,-9.3e-05,0.0,0.0,1.26258,195.100006
2012-01-05T00:00:00Z,2,193_THICK,193.0,2010-03-24T00:00:00.000,2011-01-27T15:00:00.000,-9.3e-05,0.0,0.0,1.26258,195.100006
2011-04-29T00:00:00Z,1,193_THIN,193.0,2010-03-24T00:00:00.000,2012-01-01T00:00:00.000,0.0,0.0,0.0,1.188,195.100006
2012-01-05T00:00:00Z,2,193_THIN,193.0,2010-03-24T00:00:00.000,2011-01-27T15:00:00.000,-9.3e-05,0.0,0.0,1.51345,195.100006
2011-09-29T00:00:00Z,1,193_THIN,193.0,2010-03-24T00:00:00.000,2030-04-30T23:59:57.000,0.0,0.0,0.0,1.18835,195.100006
2017-12-10T05:05:25Z,8,193_THIN,193.0,2010-03-24T00:00:00.000,2011-01-27T15:00:00.000,-6e-05,0.0,0.0,1.42839,195.100006
2010-11-23T00:00:00Z,1,193_THIN,193.0,2010-03-24T00:00:00.000,2011-03-24T00:00:00.000,0.0,0.0,0.0,1.188,195.100006
2020-07-06T21:54:34Z,9,193_THIN,193.0,2010-03-24T00:00:00.000,2011-01-27T15:00:00.000,-5.3e-05,0.0,0.0,1.42808,195.100006
2012-09-26T00:00:00Z,3,193_THIN,193.0,2010-03-24T00:00:00.000,2011-01-27T15:00:00.000,-9.3e-05,0.0,0.0,1.51345,195.100006
2020-11-02T11:14:52Z,10,193_THIN,193.0,2010-03-24T00:00:00.000,2011-01-27T15:00:00.000,-6e-05,0.0,0.0,1.432321,195.100006
2011-09-29T00:00:00Z,1,211_THICK,211.0,2010-03-24T00:00:00.000,2030-04-30T23:59:57.000,0.0,0.0,0.0,0.988604,211.300003
2017-12-10T05:05:35Z,8,211_THICK,211.0,2010-03-24T00:00:00.000,2011-01-27T15:00:00.000,-0.000126,0.0,0.0,1.06251,211.300003
2020-07-06T21:54:37Z,9,211_THICK,211.0,2010-03-24T00:00:00.000,2011-01-27T15:00:00.000,-0.000123,0.0,0.0,1.06781,211.300003
2011-04-29T00:00:00Z,1,211_THICK,211.0,2010-03-24T00:00:00.000,2012-01-01T00:00:00.000,0.0,0.0,0.0,0.989,211.300003
2012-09-26T00:00:00Z,3,211_THICK,211.0,2010-03-24T00:00:00.000,2011-01-27T15:00:00.000,-0.00019,0.0,0.0,1.13769,211.300003
2012-01-05T00:00:00Z,2,211_THICK,211.0,2010-03-24T00:00:00.000,2011-01-27T15:00:00.000,-0.00019,0.0,0.0,1.13769,211.300003
2010-11-23T00:00:00Z,1,211_THICK,211.0,2010-03-24T00:00:00.000,2011-03-24T00:00:00.000,0.0,0.0,0.0,0.989,211.300003
2020-11-02T11:14:52Z,10,211_THICK,211.0,2010-03-24T00:00:00.000,2011-01-27T15:00:00.000,-0.000132,0.0,0.0,1.071619,211.300003
2012-01-05T00:00:00Z,2,211_THIN,211.0,2010-03-24T00:00:00.000,2011-01-27T15:00:00.000,-0.00019,0.0,0.0,1.3873,211.300003
2010-11-23T00:00:00Z,1,211_THIN,211.0,2010-03-24T00:00:00.000,2011-03-24T00:00:00.000,0.0,0.0,0.0,1.206,211.300003
2020-07-06T21:54:37Z,9,211_THIN,211.0,2010-03-24T00:00:00.000,2011-01-27T15:00:00.000,-0.000123,0.0,0.0,1.30209,211.300003
2020-11-02T11:14:52Z,10,211_THIN,211.0,2010-03-24T00:00:00.000,2011-01-27T15:00:00.000,-0.000132,0.0,0.0,1.306735,211.300003
2017-12-10T05:05:35Z,8,211_THIN,211.0,2010-03-24T00:00:00.000,2011-01-27T15:00:00.000,-0.000126,0.0,0.0,1.29562,211.300003
2011-09-29T00:00:00Z,1,211_THIN,211.0,2010-03-24T00:00:00.000,2030-04-30T23:59:57.000,0.0,0.0,0.0,1.2055,211.300003
2012-09-26T00:00:00Z,3,211_THIN,211.0,2010-03-24T00:00:00.000,2011-01-27T15:00:00.000,-0.00019,0.0,0.0,1.3873,211.300003
2011-04-29T00:00:00Z,1,211_THIN,211.0,2010-03-24T00:00:00.000,2012-01-01T00:00:00.000,0.0,0.0,0.0,1.206,211.300003
2010-11-23T00:00:00Z,1,304_THICK,304.0,2010-03-24T00:00:00.000,2011-03-24T00:00:00.000,0.0,0.0,0.0,0.045,303.799988
2011-09-29T00:00:00Z,1,304_THICK,304.0,2010-03-24T00:00:00.000,2030-04-30T23:59:57.000,0.0,0.0,0.0,0.045412,303.799988
2017-12-10T05:05:46Z,8,304_THICK,304.0,2010-03-24T00:00:00.000,2011-01-27T15:00:00.000,-0.001608,0.0,0.0,0.075291,303.799988
2012-09-26T00:00:00Z,3,304_THICK,304.0,2010-03-24T00:00:00.000,2011-01-27T15:00:00.000,-0.001553,0.0,0.0,0.089386,303.799988
2011-04-29T00:00:00Z,1,304_THICK,304.0,2010-03-24T00:00:00.000,2012-01-01T00:00:00.000,0.0,0.0,0.0,0.045,303.799988
2012-01-05T00:00:00Z,2,304_THICK,304.0,2010-03-24T00:00:00.000,2011-01-27T15:00:00.000,-0.001553,0.0,0.0,0.089386,303.799988
2020-11-02T11:14:52Z,10,304_THICK,304.0,2010-03-24T00:00:00.000,2011-01-27T15:00:00.000,-0.001566,0.0,0.0,0.074035,303.799988
2020-07-06T21:54:40Z,9,304_THICK,304.0,2010-03-24T00:00:00.000,2011-01-27T15:00:00.000,-0.001575,0.0,0.0,0.074325,303.799988
2017-12-10T05:05:46Z,8,304_THIN,304.0,2010-03-24T00:00:00.000,2011-01-27T15:00:00.000,-0.001608,0.0,0.0,0.104245,303.799988
2010-11-23T00:00:00Z,1,304_THIN,304.0,2010-03-24T00:00:00.000,2011-03-24T00:00:00.000,0.0,0.0,0.0,0.063,303.799988
2011-04-29T00:00:00Z,1,304_THIN,304.0,2010-03-24T00:00:00.000,2012-01-01T00:00:00.000,0.0,0.0,0.0,0.063,303.799988
2011-09-29T00:00:00Z,1,304_THIN,304.0,2010-03-24T00:00:00.000,2030-04-30T23:59:57.000,0.0,0.0,0.0,0.062875,303.799988
2012-01-05T00:00:00Z,2,304_THIN,304.0,2010-03-24T00:00:00.000,2011-01-27T15:00:00.000,-0.001553,0.0,0.0,0.123759,303.799988
2012-09-26T00:00:00Z,3,304_THIN,304.0,2010-03-24T00:00:00.000,2011-01-27T15:00:00.000,-0.001553,0.0,0.0,0.123759,303.799988
2020-07-06T21:54:40Z,9,304_THIN,304.0,2010-03-24T00:00:00.000,2011-01-27T15:00:00.000,-0.001575,0.0,0.0,0.102906,303.799988
2020-11-02T11:14:52Z,10,304_THIN,304.0,2010-03-24T00:00:00.000,2011-01-27T15:00:00.000,-0.001566,0.0,0.0,0.102505,303.799988
2012-01-05T00:00:00Z,2,335_THICK,335.0,2010-03-24T00:00:00.000,2011-02-24T19:00:00.000,-0.000968,0.0,0.0,0.044916,335.399994
2011-04-29T00:00:00Z,1,335_THICK,335.0,2010-03-24T00:00:00.000,2012-01-01T00:00:00.000,0.0,0.0,0.0,0.032,335.399994
2010-11-23T00:00:00Z,1,335_THICK,335.0,2010-03-24T00:00:00.000,2011-03-24T00:00:00.000,0.0,0.0,0.0,0.032,335.399994
2020-07-06T21:54:44Z,9,335_THICK,335.0,2010-03-24T00:00:00.000,2011-02-24T19:00:00.000,-0.000747,0.0,0.0,0.040094,335.399994
2017-12-10T05:06:02Z,8,335_THICK,335.0,2010-03-24T00:00:00.000,2011-02-24T19:00:00.000,-0.000911,0.0,0.0,0.042861,335.399994
2012-09-26T00:00:00Z,3,335_THICK,335.0,2010-03-24T00:00:00.000,2011-02-24T19:00:00.000,-0.000968,0.0,0.0,0.044916,335.399994
2020-11-02T11:14:52Z,10,335_THICK,335.0,2010-03-24T00:00:00.000,2011-02-24T19:00:00.000,-0.000753,0.0,0.0,0.040237,335.399994
2011-09-29T00:00:00Z,1,335_THICK,335.0,2010-03-24T00:00:00.000,2030-04-30T23:59:57.000,0.0,0.0,0.0,0.031613,335.399994
2012-09-26T00:00:00Z,3,335_THIN,335.0,2010-03-24T00:00:00.000,2011-02-24T19:00:00.000,-0.000968,0.0,0.0,0.06345,335.399994
2011-04-29T00:00:00Z,1,335_THIN,335.0,2010-03-24T00:00:00.000,2012-01-01T00:00:00.000,0.0,0.0,0.0,0.045,335.399994
2020-07-06T21:54:44Z,9,335_THIN,335.0,2010-03-24T00:00:00.000,2011-02-24T19:00:00.000,-0.000747,0.0,0.0,0.056639,335.399994
2011-09-29T00:00:00Z,1,335_THIN,335.0,2010-03-24T00:00:00.000,2030-04-30T23:59:57.000,0.0,0.0,0.0,0.044657,335.399994
2012-01-05T00:00:00Z,2,335_THIN,335.0,2010-03-24T00:00:00.000,2011-02-24T19:00:00.000,-0.000968,0.0,0.0,0.06345,335.399994
2017-12-10T05:06:02Z,8,335_THIN,335.0,2010-03-24T00:00:00.000,2011-02-24T19:00:00.000,-0.000911,0.0,0.0,0.060547,335.399994
2010-11-23T00:00:00Z,1,335_THIN,335.0,2010-03-24T00:00:00.000,2011-03-24T00:00:00.000,0.0,0.0,0.0,0.045,335.399994
2020-11-02T11:14:52Z,10,335_THIN,335.0,2010-03-24T00:00:00.000,2011-02-24T19:00:00.000,-0.000753,0.0,0.0,0.056841,335.399994
2012-09-26T00:00:00Z,3,4500,4500.0,2010-03-24T00:00:00.000,2030-04-30T23:59:58.000,0.0,0.0,0.0,0.0003,4500.0
2011-04-29T00:00:00Z,1,4500,4500.0,2010-03-24T00:00:00.000,2012-01-01T00:00:00.000,0.0,0.0,0.0,0.0003,4500.0
2012-01-05T00:00:00Z,2,4500,4500.0,2010-03-24T00:00:00.000,2030-04-30T23:59:57.000,0.0,0.0,0.0,0.0003,4500.0
2010-11-23T00:00:00Z,1,4500,4500.0,2010-03-24T00:00:00.000,2011-03-24T00:00:00.000,0.0,0.0,0.0,0.0003,4500.0
2011-09-29T00:00:00Z,1,94_THICK,94.0,2010-03-24T00:00:00.000,2030-04-30T23:59:57.000,0.0,0.0,0.0,0.22407,93.900002
2020-11-02T11:14:52Z,10,94_THICK,94.0,2010-03-24T00:00:00.000,2011-01-27T15:00:00.000,0.000636,0.0,0.0,0.213953,93.900002
2010-11-23T00:00:00Z,1,94_THICK,94.0,2010-03-24T00:00:00.000,2011-03-24T00:00:00.000,0.0,0.0,0.0,0.224,93.900002
2011-04-29T00:00:00Z,1,94_THICK,94.0,2010-03-24T00:00:00.000,2012-01-01T00:00:00.000,0.0,0.0,0.0,0.224,93.900002
2012-09-26T00:00:00Z,3,94_THICK,94.0,2010-03-24T00:00:00.000,2011-01-27T15:00:00.000,0.0,0.0,0.0,0.221712,93.900002
2012-01-05T00:00:00Z,2,94_THICK,94.0,2010-03-24T00:00:00.000,2011-01-27T15:00:00.000,0.0,0.0,0.0,0.221712,93.900002
2017-12-10T05:04:48Z,8,94_THICK,94.0,2010-03-24T00:00:00.000,2011-01-27T15:00:00.000,0.0,0.0,0.0,0.227219,93.900002
2020-07-06T21:54:25Z,9,94_THICK,94.0,2010-03-24T00:00:00.000,2011-01-27T15:00:00.000,0.000655,0.0,0.0,0.212749,93.900002
2017-12-10T05:04:48Z,8,94_THIN,94.0,2010-03-24T00:00:00.000,2011-01-27T15:00:00.000,0.0,0.0,0.0,0.316564,93.900002
2011-09-29T00:00:00Z,1,94_THIN,94.0,2010-03-24T00:00:00.000,2030-04-30T23:59:57.000,0.0,0.0,0.0,0.312177,93.900002
2020-07-06T21:54:25Z,9,94_THIN,94.0,2010-03-24T00:00:00.000,2011-01-27T15:00:00.000,0.000655,0.0,0.0,0.296404,93.900002
2011-04-29T00:00:00Z,1,94_THIN,94.0,2010-03-24T00:00:00.000,2012-01-01T00:00:00.000,0.0,0.0,0.0,0.312,93.900002
2012-09-26T00:00:00Z,3,94_THIN,94.0,2010-03-24T00:00:00.000,2011-01-27T15:00:00.000,0.0,0.0,0.0,0.308891,93.900002
2020-11-02T11:14:52Z,10,94_THIN,94.0,2010-03-24T00:00:00.000,2011-01-27T15:00:00.000,0.000636,0.0,0.0,0.298081,93.900002
2012-01-05T00:00:00Z,2,94_THIN,94.0,2010-03-24T00:00:00.000,2011-01-27T15:00:00.000,0.0,0.0,0.0,0.308891,93.900002
2010-11-23T00:00:00Z,1,94_THIN,94.0,2010-03-24T00:00:00.000,2011-03-24T00:00:00.000,0.0,0.0,0.0,0.312,93.900002
2017-12-10T05:04:48Z,8,94_THIN,94.0,2010-03-24T00:00:00.000,2011-01-27T15:00:00.000,0.0,0.0,0.0,0.316564,93.900002
2020-07-06T21:54:48Z,9,1600,1600.0,2011-01-27T15:00:00.000,2012-01-01T12:00:00.000,-0.00049,0.0,0.0,0.011554,1600.0
2020-11-02T21:54:48Z,10,1600,1600.0,2011-01-27T15:00:00.000,2012-01-01T12:00:00.000,-0.00049,0.0,0.0,0.01155,1600.0
2012-01-05T00:00:00Z,2,1600,1600.0,2011-01-27T15:00:00.000,2030-04-30T23:59:57.000,-0.000468,0.0,0.0,0.008941,1600.0
2012-09-26T00:00:00Z,3,1600,1600.0,2011-01-27T15:00:00.000,2012-01-01T12:00:00.000,-0.000476,0.0,0.0,0.008948,1600.0
2017-12-10T05:06:13Z,8,1600,1600.0,2011-01-27T15:00:00.000,2012-01-01T12:00:00.000,-0.000445,0.0,0.0,0.012638,1600.0
2017-12-10T05:06:21Z,8,1700,1700.0,2011-01-27T15:00:00.000,2012-01-01T12:00:00.000,-0.000236,0.0,0.0,0.038603,1700.0
2012-01-05T00:00:00Z,2,1700,1700.0,2011-01-27T15:00:00.000,2030-04-30T23:59:57.000,-0.000264,0.0,0.0,0.053806,1700.0
2020-07-06T21:54:50Z,9,1700,1700.0,2011-01-27T15:00:00.000,2012-01-01T12:00:00.000,-0.000289,0.0,0.0,0.035351,1700.0
2020-11-02T21:54:50Z,10,1700,1700.0,2011-01-27T15:00:00.000,2012-01-01T12:00:00.000,-0.00029,0.0,0.0,0.03535,1700.0
2012-09-26T00:00:00Z,3,1700,1700.0,2011-01-27T15:00:00.000,2012-01-01T12:00:00.000,0.0,0.0,0.0,0.051387,1700.0
2020-11-02T11:14:52Z,10,171_THICK,171.0,2011-01-27T15:00:00.000,2012-04-10T12:00:00.000,-5.4e-05,0.0,0.0,2.285243,171.100006
2020-07-06T21:54:32Z,9,171_THICK,171.0,2011-01-27T15:00:00.000,2012-01-01T12:00:00.000,-1.8e-05,0.0,0.0,2.28514,171.100006
2012-01-05T00:00:00Z,2,171_THICK,171.0,2011-01-27T15:00:00.000,2030-04-30T23:59:57.000,0.0,0.0,0.0,1.99303,171.100006
2017-12-10T05:05:16Z,8,171_THICK,171.0,2011-01-27T15:00:00.000,2012-01-01T12:00:00.000,-1.9e-05,0.0,0.0,2.77153,171.100006
2012-09-26T00:00:00Z,3,171_THICK,171.0,2011-01-27T15:00:00.000,2012-01-01T12:00:00.000,0.0,0.0,0.0,1.99459,171.100006
2012-01-05T00:00:00Z,2,171_THIN,171.0,2011-01-27T15:00:00.000,2030-04-30T23:59:57.000,0.0,0.0,0.0,2.41721,171.100006
2020-11-02T11:14:52Z,10,171_THIN,171.0,2011-01-27T15:00:00.000,2012-04-10T12:00:00.000,-5.4e-05,0.0,0.0,2.771596,171.100006
2020-07-06T21:54:32Z,9,171_THIN,171.0,2011-01-27T15:00:00.000,2012-01-01T12:00:00.000,-1.8e-05,0.0,0.0,2.77148,171.100006
2017-12-10T05:05:16Z,8,171_THIN,171.0,2011-01-27T15:00:00.000,2012-01-01T12:00:00.000,-1.9e-05,0.0,0.0,3.36139,171.100006
2012-09-26T00:00:00Z,3,171_THIN,171.0,2011-01-27T15:00:00.000,2012-01-01T12:00:00.000,0.0,0.0,0.0,2.41909,171.100006
2020-11-02T11:14:52Z,10,193_THICK,193.0,2011-01-27T15:00:00.000,2012-04-10T12:00:00.000,-0.000146,0.0,0.0,1.183875,195.100006
2012-09-26T00:00:00Z,3,193_THICK,193.0,2011-01-27T15:00:00.000,2012-01-01T12:00:00.000,-0.000212,0.0,0.0,1.2424,195.100006
2012-01-05T00:00:00Z,2,193_THICK,193.0,2011-01-27T15:00:00.000,2030-04-30T23:59:57.000,-0.000203,0.0,0.0,1.2411,195.100006
2020-07-06T21:54:35Z,9,193_THICK,193.0,2011-01-27T15:00:00.000,2012-01-01T12:00:00.000,-0.000164,0.0,0.0,1.18625,195.100006
2017-12-10T05:05:26Z,8,193_THICK,193.0,2011-01-27T15:00:00.000,2012-01-01T12:00:00.000,-0.000167,0.0,0.0,1.18309,195.100006
2017-12-10T05:05:26Z,8,193_THIN,193.0,2011-01-27T15:00:00.000,2012-01-01T12:00:00.000,-0.000167,0.0,0.0,1.41816,195.100006
2012-01-05T00:00:00Z,2,193_THIN,193.0,2011-01-27T15:00:00.000,2030-04-30T23:59:57.000,-0.000203,0.0,0.0,1.48769,195.100006
2012-09-26T00:00:00Z,3,193_THIN,193.0,2011-01-27T15:00:00.000,2012-01-01T12:00:00.000,-0.000212,0.0,0.0,1.48925,195.100006
2020-11-02T11:14:52Z,10,193_THIN,193.0,2011-01-27T15:00:00.000,2012-04-10T12:00:00.000,-0.000146,0.0,0.0,1.419108,195.100006
2020-07-06T21:54:35Z,9,193_THIN,193.0,2011-01-27T15:00:00.000,2012-01-01T12:00:00.000,-0.000164,0.0,0.0,1.42195,195.100006
2020-07-06T21:54:38Z,9,211_THICK,211.0,2011-01-27T15:00:00.000,2012-01-01T12:00:00.000,-0.000263,0.0,0.0,1.05595,211.300003
2020-11-02T11:14:52Z,10,211_THICK,211.0,2011-01-27T15:00:00.000,2012-04-10T12:00:00.000,-0.000277,0.0,0.0,1.058123,211.300003
2012-01-05T00:00:00Z,2,211_THICK,211.0,2011-01-27T15:00:00.000,2030-04-30T23:59:57.000,-0.000323,0.0,0.0,1.1013,211.300003
2017-12-10T05:05:37Z,8,211_THICK,211.0,2011-01-27T15:00:00.000,2012-01-01T12:00:00.000,-0.00026,0.0,0.0,1.04788,211.300003
2012-09-26T00:00:00Z,3,211_THICK,211.0,2011-01-27T15:00:00.000,2012-01-01T12:00:00.000,-0.000323,0.0,0.0,1.10134,211.300003
2017-12-10T05:05:37Z,8,211_THIN,211.0,2011-01-27T15:00:00.000,2012-01-01T12:00:00.000,-0.00026,0.0,0.0,1.27778,211.300003
2012-01-05T00:00:00Z,2,211_THIN,211.0,2011-01-27T15:00:00.000,2030-04-30T23:59:57.000,-0.000323,0.0,0.0,1.34292,211.300003
2020-11-02T11:14:52Z,10,211_THIN,211.0,2011-01-27T15:00:00.000,2012-04-10T12:00:00.000,-0.000277,0.0,0.0,1.290277,211.300003
2020-07-06T21:54:38Z,9,211_THIN,211.0,2011-01-27T15:00:00.000,2012-01-01T12:00:00.000,-0.000263,0.0,0.0,1.28762,211.300003
2012-09-26T00:00:00Z,3,211_THIN,211.0,2011-01-27T15:00:00.000,2012-01-01T12:00:00.000,-0.000323,0.0,0.0,1.34297,211.300003
2017-12-10T05:05:48Z,8,304_THICK,304.0,2011-01-27T15:00:00.000,2011-04-13T18:00:00.000,-0.003231,0.0,0.0,0.046826,303.799988
2012-01-05T00:00:00Z,2,304_THICK,304.0,2011-01-27T15:00:00.000,2011-04-13T18:00:00.000,-0.003164,0.0,0.0,0.058268,303.799988
2020-11-02T11:14:52Z,10,304_THICK,304.0,2011-01-27T15:00:00.000,2011-04-13T18:00:00.000,-0.003126,0.0,0.0,0.046856,303.799988
2020-07-06T21:54:40Z,9,304_THICK,304.0,2011-01-27T15:00:00.000,2011-04-13T18:00:00.000,-0.003126,0.0,0.0,0.046847,303.799988
2012-09-26T00:00:00Z,3,304_THICK,304.0,2011-01-27T15:00:00.000,2011-04-13T18:00:00.000,-0.003164,0.0,0.0,0.058268,303.799988
2012-01-05T00:00:00Z,2,304_THIN,304.0,2011-01-27T15:00:00.000,2011-04-13T18:00:00.000,-0.003164,0.0,0.0,0.080675,303.799988
2020-11-02T11:14:52Z,10,304_THIN,304.0,2011-01-27T15:00:00.000,2011-04-13T18:00:00.000,-0.003126,0.0,0.0,0.064874,303.799988
2012-09-26T00:00:00Z,3,304_THIN,304.0,2011-01-27T15:00:00.000,2011-04-13T18:00:00.000,-0.003164,0.0,0.0,0.080675,303.799988
2020-07-06T21:54:40Z,9,304_THIN,304.0,2011-01-27T15:00:00.000,2011-04-13T18:00:00.000,-0.003126,0.0,0.0,0.064862,303.799988
2017-12-10T05:05:48Z,8,304_THIN,304.0,2011-01-27T15:00:00.000,2011-04-13T18:00:00.000,-0.003231,0.0,0.0,0.064832,303.799988
2020-07-06T21:54:26Z,9,94_THICK,94.0,2011-01-27T15:00:00.000,2011-04-13T18:00:00.000,-0.001359,0.0,0.0,0.253709,93.900002
2012-09-26T00:00:00Z,3,94_THICK,94.0,2011-01-27T15:00:00.000,2011-04-13T18:00:00.000,0.0,0.0,0.0,0.231274,93.900002
2017-12-10T05:04:50Z,8,94_THICK,94.0,2011-01-27T15:00:00.000,2011-04-13T18:00:00.000,0.0,0.0,0.0,0.234924,93.900002
2012-01-05T00:00:00Z,2,94_THICK,94.0,2011-01-27T15:00:00.000,2011-04-13T18:00:00.000,0.0,0.0,0.0,0.231274,93.900002
2020-11-02T11:14:52Z,10,94_THICK,94.0,2011-01-27T15:00:00.000,2011-04-13T18:00:00.000,-0.001326,0.0,0.0,0.253295,93.900002
2012-09-26T00:00:00Z,3,94_THIN,94.0,2011-01-27T15:00:00.000,2011-04-13T18:00:00.000,0.0,0.0,0.0,0.322214,93.900002
2017-12-10T05:04:50Z,8,94_THIN,94.0,2011-01-27T15:00:00.000,2011-04-13T18:00:00.000,0.0,0.0,0.0,0.327299,93.900002
2020-11-02T11:14:52Z,10,94_THIN,94.0,2011-01-27T15:00:00.000,2011-04-13T18:00:00.000,-0.001326,0.0,0.0,0.352893,93.900002
2020-07-06T21:54:26Z,9,94_THIN,94.0,2011-01-27T15:00:00.000,2011-04-13T18:00:00.000,-0.001359,0.0,0.0,0.35347,93.900002
2012-01-05T00:00:00Z,2,94_THIN,94.0,2011-01-27T15:00:00.000,2011-04-13T18:00:00.000,0.0,0.0,0.0,0.322214,93.900002
2012-01-05T00:00:00Z,2,131_THICK,131.0,2011-02-24T19:00:00.000,2030-04-30T23:59:57.000,0.0,0.0,0.0,0.07242,131.199997
2017-12-10T05:05:05Z,8,131_THICK,131.0,2011-02-24T19:00:00.000,2012-01-01T12:00:00.000,-0.000147,0.0,0.0,0.083604,131.199997
2020-11-02T11:14:52Z,10,131_THICK,131.0,2011-02-24T19:00:00.000,2012-04-10T12:00:00.000,-0.000236,0.0,0.0,0.090418,131.199997
2012-09-26T00:00:00Z,3,131_THICK,131.0,2011-02-24T19:00:00.000,2012-01-01T12:00:00.000,0.0,0.0,0.0,0.072401,131.199997
2020-07-06T21:54:29Z,9,131_THICK,131.0,2011-02-24T19:00:00.000,2012-01-01T12:00:00.000,-0.000209,0.0,0.0,0.090091,131.199997
2020-07-06T21:54:29Z,9,131_THIN,131.0,2011-02-24T19:00:00.000,2012-01-01T12:00:00.000,-0.000209,0.0,0.0,1.08311,131.199997
2020-11-02T11:14:52Z,10,131_THIN,131.0,2011-02-24T19:00:00.000,2012-04-10T12:00:00.000,-0.000236,0.0,0.0,1.087031,131.199997
2012-09-26T00:00:00Z,3,131_THIN,131.0,2011-02-24T19:00:00.000,2012-01-01T12:00:00.000,0.0,0.0,0.0,0.870432,131.199997
2012-01-05T00:00:00Z,2,131_THIN,131.0,2011-02-24T19:00:00.000,2030-04-30T23:59:57.000,0.0,0.0,0.0,0.870659,131.199997
2017-12-10T05:05:05Z,8,131_THIN,131.0,2011-02-24T19:00:00.000,2012-01-01T12:00:00.000,-0.000147,0.0,0.0,1.00512,131.199997
2012-01-05T00:00:00Z,2,335_THICK,335.0,2011-02-24T19:00:00.000,2030-04-30T23:59:57.000,-0.001003,0.0,0.0,0.043572,335.399994
2020-07-06T21:54:44Z,9,335_THICK,335.0,2011-02-24T19:00:00.000,2012-01-01T12:00:00.000,-0.000835,0.0,0.0,0.042785,335.399994
2020-11-02T11:14:52Z,10,335_THICK,335.0,2011-02-24T19:00:00.000,2012-04-10T12:00:00.000,-0.000913,0.0,0.0,0.043262,335.399994
2017-12-10T05:06:03Z,8,335_THICK,335.0,2011-02-24T19:00:00.000,2012-01-01T12:00:00.000,-0.000923,0.0,0.0,0.041678,335.399994
2012-09-26T00:00:00Z,3,335_THICK,335.0,2011-02-24T19:00:00.000,2012-01-01T12:00:00.000,-0.000936,0.0,0.0,0.043263,335.399994
2012-09-26T00:00:00Z,3,335_THIN,335.0,2011-02-24T19:00:00.000,2012-01-01T12:00:00.000,-0.000936,0.0,0.0,0.061114,335.399994
2017-12-10T05:06:03Z,8,335_THIN,335.0,2011-02-24T19:00:00.000,2012-01-01T12:00:00.000,-0.000923,0.0,0.0,0.058875,335.399994
2020-11-02T11:14:52Z,10,335_THIN,335.0,2011-02-24T19:00:00.000,2012-04-10T12:00:00.000,-0.000913,0.0,0.0,0.061115,335.399994
2020-07-06T21:54:44Z,9,335_THIN,335.0,2011-02-24T19:00:00.000,2012-01-01T12:00:00.000,-0.000835,0.0,0.0,0.06044,335.399994
2012-01-05T00:00:00Z,2,335_THIN,335.0,2011-02-24T19:00:00.000,2030-04-30T23:59:57.000,-0.001003,0.0,0.0,0.061552,335.399994
2012-09-26T00:00:00Z,3,304_THICK,304.0,2011-04-13T18:00:00.000,2011-05-20T18:00:00.000,-0.003441,0.0,0.0,0.046912,303.799988
2017-12-10T05:05:49Z,8,304_THICK,304.0,2011-04-13T18:00:00.000,2011-05-20T18:00:00.000,-0.003638,0.0,0.0,0.037539,303.799988
2012-01-05T00:00:00Z,2,304_THICK,304.0,2011-04-13T18:00:00.000,2011-05-20T18:00:00.000,-0.003441,0.0,0.0,0.046912,303.799988
2020-11-02T11:14:52Z,10,304_THICK,304.0,2011-04-13T18:00:00.000,2011-05-20T18:00:00.000,-0.002991,0.0,0.0,0.037664,303.799988
2020-07-06T21:54:41Z,9,304_THICK,304.0,2011-04-13T18:00:00.000,2011-05-20T18:00:00.000,-0.003504,0.0,0.0,0.037891,303.799988
2017-12-10T05:05:49Z,8,304_THIN,304.0,2011-04-13T18:00:00.000,2011-05-20T18:00:00.000,-0.003638,0.0,0.0,0.051974,303.799988
2012-01-05T00:00:00Z,2,304_THIN,304.0,2011-04-13T18:00:00.000,2011-05-20T18:00:00.000,-0.003441,0.0,0.0,0.064951,303.799988
2012-09-26T00:00:00Z,3,304_THIN,304.0,2011-04-13T18:00:00.000,2011-05-20T18:00:00.000,-0.003441,0.0,0.0,0.064951,303.799988
2020-11-02T11:14:52Z,10,304_THIN,304.0,2011-04-13T18:00:00.000,2011-05-20T18:00:00.000,-0.002991,0.0,0.0,0.052147,303.799988
2020-07-06T21:54:41Z,9,304_THIN,304.0,2011-04-13T18:00:00.000,2011-05-20T18:00:00.000,-0.003504,0.0,0.0,0.052461,303.799988
2012-09-26T00:00:00Z,3,94_THICK,94.0,2011-04-13T18:00:00.000,2011-05-20T18:00:00.000,0.0,0.0,0.0,0.209664,93.900002
2012-01-05T00:00:00Z,2,94_THICK,94.0,2011-04-13T18:00:00.000,2011-05-20T18:00:00.000,0.0,0.0,0.0,0.209664,93.900002
2020-07-06T21:54:26Z,9,94_THICK,94.0,2011-04-13T18:00:00.000,2011-05-20T18:00:00.000,-0.00155,0.0,0.0,0.22732,93.900002
2017-12-10T05:04:51Z,8,94_THICK,94.0,2011-04-13T18:00:00.000,2011-05-20T18:00:00.000,0.0,0.0,0.0,0.217279,93.900002
2020-11-02T11:14:52Z,10,94_THICK,94.0,2011-04-13T18:00:00.000,2011-05-20T18:00:00.000,-0.001575,0.0,0.0,0.227398,93.900002
2012-09-26T00:00:00Z,3,94_THIN,94.0,2011-04-13T18:00:00.000,2011-05-20T18:00:00.000,0.0,0.0,0.0,0.292106,93.900002
2017-12-10T05:04:51Z,8,94_THIN,94.0,2011-04-13T18:00:00.000,2011-05-20T18:00:00.000,0.0,0.0,0.0,0.302715,93.900002
2020-11-02T11:14:52Z,10,94_THIN,94.0,2011-04-13T18:00:00.000,2011-05-20T18:00:00.000,-0.001575,0.0,0.0,0.316813,93.900002
2020-07-06T21:54:26Z,9,94_THIN,94.0,2011-04-13T18:00:00.000,2011-05-20T18:00:00.000,-0.00155,0.0,0.0,0.316705,93.900002
2012-01-05T00:00:00Z,2,94_THIN,94.0,2011-04-13T18:00:00.000,2011-05-20T18:00:00.000,0.0,0.0,0.0,0.292106,93.900002
2012-01-05T00:00:00Z,2,304_THICK,304.0,2011-05-20T18:00:00.000,2011-10-06T12:00:00.000,-0.002412,0.0,0.0,0.04126,303.799988
2020-07-06T21:54:41Z,9,304_THICK,304.0,2011-05-20T18:00:00.000,2011-10-06T12:00:00.000,-0.002555,0.0,0.0,0.033321,303.799988
2012-09-26T00:00:00Z,3,304_THICK,304.0,2011-05-20T18:00:00.000,2011-10-06T12:00:00.000,-0.002412,0.0,0.0,0.04126,303.799988
2020-11-02T11:14:52Z,10,304_THICK,304.0,2011-05-20T18:00:00.000,2011-10-06T12:00:00.000,-0.002552,0.0,0.0,0.03333,303.799988
2017-12-10T05:05:50Z,8,304_THICK,304.0,2011-05-20T18:00:00.000,2011-10-06T12:00:00.000,-0.002588,0.0,0.0,0.032732,303.799988
2012-01-05T00:00:00Z,2,304_THIN,304.0,2011-05-20T18:00:00.000,2011-10-06T12:00:00.000,-0.002412,0.0,0.0,0.057127,303.799988
2012-09-26T00:00:00Z,3,304_THIN,304.0,2011-05-20T18:00:00.000,2011-10-06T12:00:00.000,-0.002412,0.0,0.0,0.057127,303.799988
2017-12-10T05:05:50Z,8,304_THIN,304.0,2011-05-20T18:00:00.000,2011-10-06T12:00:00.000,-0.002588,0.0,0.0,0.045319,303.799988
2020-07-06T21:54:41Z,9,304_THIN,304.0,2011-05-20T18:00:00.000,2011-10-06T12:00:00.000,-0.002555,0.0,0.0,0.046135,303.799988
2020-11-02T11:14:52Z,10,304_THIN,304.0,2011-05-20T18:00:00.000,2011-10-06T12:00:00.000,-0.002552,0.0,0.0,0.046146,303.799988
2017-12-10T05:04:53Z,8,94_THICK,94.0,2011-05-20T18:00:00.000,2011-10-06T12:00:00.000,0.0,0.0,0.0,0.208216,93.900002
2020-11-02T11:14:52Z,10,94_THICK,94.0,2011-05-20T18:00:00.000,2011-10-06T12:00:00.000,0.000484,0.0,0.0,0.206254,93.900002
2020-07-06T21:54:26Z,9,94_THICK,94.0,2011-05-20T18:00:00.000,2011-10-06T12:00:00.000,0.000498,0.0,0.0,0.205975,93.900002
2012-01-05T00:00:00Z,2,94_THICK,94.0,2011-05-20T18:00:00.000,2011-10-06T12:00:00.000,0.0,0.0,0.0,0.203735,93.900002
2012-09-26T00:00:00Z,3,94_THICK,94.0,2011-05-20T18:00:00.000,2011-10-06T12:00:00.000,0.0,0.0,0.0,0.203735,93.900002
2012-01-05T00:00:00Z,2,94_THIN,94.0,2011-05-20T18:00:00.000,2011-10-06T12:00:00.000,0.0,0.0,0.0,0.283847,93.900002
2012-09-26T00:00:00Z,3,94_THIN,94.0,2011-05-20T18:00:00.000,2011-10-06T12:00:00.000,0.0,0.0,0.0,0.283847,93.900002
2020-07-06T21:54:26Z,9,94_THIN,94.0,2011-05-20T18:00:00.000,2011-10-06T12:00:00.000,0.000498,0.0,0.0,0.286967,93.900002
2017-12-10T05:04:53Z,8,94_THIN,94.0,2011-05-20T18:00:00.000,2011-10-06T12:00:00.000,0.0,0.0,0.0,0.290089,93.900002
2020-11-02T11:14:52Z,10,94_THIN,94.0,2011-05-20T18:00:00.000,2011-10-06T12:00:00.000,0.000484,0.0,0.0,0.287355,93.900002
2020-07-06T21:54:41Z,9,304_THICK,304.0,2011-10-06T12:00:00.000,2012-01-01T12:00:00.000,-0.001087,0.0,0.0,0.024115,303.799988
2020-11-02T11:14:52Z,10,304_THICK,304.0,2011-10-06T12:00:00.000,2012-04-10T12:00:00.000,0.000182,0.0,0.0,0.022546,303.799988
2012-09-26T00:00:00Z,3,304_THICK,304.0,2011-10-06T12:00:00.000,2012-01-01T12:00:00.000,-0.001075,0.0,0.0,0.030679,303.799988
2012-01-05T00:00:00Z,2,304_THICK,304.0,2011-10-06T12:00:00.000,2030-04-30T23:59:57.000,-0.001641,0.0,0.0,0.03109,303.799988
2017-12-10T05:05:52Z,8,304_THICK,304.0,2011-10-06T12:00:00.000,2012-01-01T12:00:00.000,-0.001131,0.0,0.0,0.02362,303.799988
2020-11-02T11:14:52Z,10,304_THIN,304.0,2011-10-06T12:00:00.000,2012-04-10T12:00:00.000,0.000182,0.0,0.0,0.031216,303.799988
2017-12-10T05:05:52Z,8,304_THIN,304.0,2011-10-06T12:00:00.000,2012-01-01T12:00:00.000,-0.001131,0.0,0.0,0.032702,303.799988
2012-01-05T00:00:00Z,2,304_THIN,304.0,2011-10-06T12:00:00.000,2030-04-30T23:59:57.000,-0.001641,0.0,0.0,0.043045,303.799988
2012-09-26T00:00:00Z,3,304_THIN,304.0,2011-10-06T12:00:00.000,2012-01-01T12:00:00.000,-0.001075,0.0,0.0,0.042477,303.799988
2020-07-06T21:54:41Z,9,304_THIN,304.0,2011-10-06T12:00:00.000,2012-01-01T12:00:00.000,-0.001087,0.0,0.0,0.033388,303.799988
2020-07-06T21:54:26Z,9,94_THICK,94.0,2011-10-06T12:00:00.000,2012-01-01T12:00:00.000,-0.000204,0.0,0.0,0.219488,93.900002
2017-12-10T05:04:54Z,8,94_THICK,94.0,2011-10-06T12:00:00.000,2012-01-01T12:00:00.000,0.0,0.0,0.0,0.215634,93.900002
2012-01-05T00:00:00Z,2,94_THICK,94.0,2011-10-06T12:00:00.000,2030-04-30T23:59:57.000,0.0,0.0,0.0,0.211133,93.900002
2020-11-02T11:14:52Z,10,94_THICK,94.0,2011-10-06T12:00:00.000,2012-04-10T12:00:00.000,-0.000157,0.0,0.0,0.218725,93.900002
2012-09-26T00:00:00Z,3,94_THICK,94.0,2011-10-06T12:00:00.000,2012-01-01T12:00:00.000,0.0,0.0,0.0,0.210761,93.900002
2020-11-19T19:00:00Z,10,94_THICK,94.0,2011-10-06T12:00:00.000,2012-04-10T12:00:00.000,-0.000144,0.0,0.0,0.218459,93.900002
2020-11-02T11:14:52Z,10,94_THIN,94.0,2011-10-06T12:00:00.000,2012-04-10T12:00:00.000,-0.000157,0.0,0.0,0.304729,93.900002
2012-01-05T00:00:00Z,2,94_THIN,94.0,2011-10-06T12:00:00.000,2030-04-30T23:59:57.000,0.0,0.0,0.0,0.294153,93.900002
2020-07-06T21:54:26Z,9,94_THIN,94.0,2011-10-06T12:00:00.000,2012-01-01T12:00:00.000,-0.000204,0.0,0.0,0.305793,93.900002
2020-11-19T19:00:00Z,10,94_THIN,94.0,2011-10-06T12:00:00.000,2012-04-10T12:00:00.000,-0.000144,0.0,0.0,0.30448,93.900002
2012-09-26T00:00:00Z,3,94_THIN,94.0,2011-10-06T12:00:00.000,2012-01-01T12:00:00.000,0.0,0.0,0.0,0.293634,93.900002
2017-12-10T05:04:54Z,8,94_THIN,94.0,2011-10-06T12:00:00.000,2012-01-01T12:00:00.000,0.0,0.0,0.0,0.300424,93.900002
2020-07-06T21:54:29Z,9,131_THICK,131.0,2012-01-01T12:00:00.000,2012-04-10T12:00:00.000,-0.000243,0.0,0.0,0.083281,131.199997
2017-12-10T05:05:07Z,8,131_THICK,131.0,2012-01-01T12:00:00.000,2012-04-10T12:00:00.000,-0.000425,0.0,0.0,0.078534,131.199997
2012-09-26T00:00:00Z,3,131_THICK,131.0,2012-01-01T12:00:00.000,2012-04-12T12:00:00.000,0.0,0.0,0.0,0.068962,131.199997
2020-07-06T21:54:29Z,9,131_THIN,131.0,2012-01-01T12:00:00.000,2012-04-10T12:00:00.000,-0.000243,0.0,0.0,1.00123,131.199997
2017-12-10T05:05:07Z,8,131_THIN,131.0,2012-01-01T12:00:00.000,2012-04-10T12:00:00.000,-0.000425,0.0,0.0,0.94416,131.199997
2012-09-26T00:00:00Z,3,131_THIN,131.0,2012-01-01T12:00:00.000,2012-04-12T12:00:00.000,0.0,0.0,0.0,0.82908,131.199997
2020-07-06T21:54:48Z,9,1600,1600.0,2012-01-01T12:00:00.000,2012-04-10T12:00:00.000,-1e-06,0.0,0.0,0.008721,1600.0
2020-11-02T21:54:48Z,10,1600,1600.0,2012-01-01T12:00:00.000,2012-04-10T12:00:00.000,-0.0,0.0,0.0,0.00872,1600.0
2012-09-26T00:00:00Z,3,1600,1600.0,2012-01-01T12:00:00.000,2012-04-12T12:00:00.000,-5.1e-05,0.0,0.0,0.006881,1600.0
2017-12-10T05:06:14Z,8,1600,1600.0,2012-01-01T12:00:00.000,2012-04-10T12:00:00.000,-0.000118,0.0,0.0,0.009798,1600.0
2020-11-02T21:54:50Z,10,1700,1700.0,2012-01-01T12:00:00.000,2012-04-10T12:00:00.000,0.00015,0.0,0.0,0.02899,1700.0
2012-09-26T00:00:00Z,3,1700,1700.0,2012-01-01T12:00:00.000,2012-04-12T12:00:00.000,0.0,0.0,0.0,0.045232,1700.0
2020-07-06T21:54:50Z,9,1700,1700.0,2012-01-01T12:00:00.000,2012-04-10T12:00:00.000,0.000153,0.0,0.0,0.028989,1700.0
2017-12-10T05:06:22Z,8,1700,1700.0,2012-01-01T12:00:00.000,2012-04-10T12:00:00.000,0.0,0.0,0.0,0.032493,1700.0
2017-12-10T05:05:18Z,8,171_THICK,171.0,2012-01-01T12:00:00.000,2013-02-15T12:00:00.000,-0.000213,0.0,0.0,2.73553,171.100006
2012-09-26T00:00:00Z,3,171_THICK,171.0,2012-01-01T12:00:00.000,2030-04-30T23:59:58.000,0.0,0.0,0.0,1.94622,171.100006
2020-07-06T21:54:32Z,9,171_THICK,171.0,2012-01-01T12:00:00.000,2013-02-15T12:00:00.000,-0.000211,0.0,0.0,2.25386,171.100006
2020-07-06T21:54:32Z,9,171_THIN,171.0,2012-01-01T12:00:00.000,2013-02-15T12:00:00.000,-0.000211,0.0,0.0,2.73354,171.100006
2012-09-26T00:00:00Z,3,171_THIN,171.0,2012-01-01T12:00:00.000,2030-04-30T23:59:58.000,0.0,0.0,0.0,2.36043,171.100006
2017-12-10T05:05:18Z,8,171_THIN,171.0,2012-01-01T12:00:00.000,2013-02-15T12:00:00.000,-0.000213,0.0,0.0,3.31772,171.100006
2020-07-06T21:54:35Z,9,193_THICK,193.0,2012-01-01T12:00:00.000,2012-04-10T12:00:00.000,-0.000338,0.0,0.0,1.13655,195.100006
2017-12-10T05:05:27Z,8,193_THICK,193.0,2012-01-01T12:00:00.000,2012-04-10T12:00:00.000,-0.000348,0.0,0.0,1.13179,195.100006
2012-09-26T00:00:00Z,3,193_THICK,193.0,2012-01-01T12:00:00.000,2012-04-12T12:00:00.000,-0.000355,0.0,0.0,1.17154,195.100006
2012-09-26T00:00:00Z,3,193_THIN,193.0,2012-01-01T12:00:00.000,2012-04-12T12:00:00.000,-0.000355,0.0,0.0,1.40432,195.100006
2020-07-06T21:54:35Z,9,193_THIN,193.0,2012-01-01T12:00:00.000,2012-04-10T12:00:00.000,-0.000338,0.0,0.0,1.36237,195.100006
2017-12-10T05:05:27Z,8,193_THIN,193.0,2012-01-01T12:00:00.000,2012-04-10T12:00:00.000,-0.000348,0.0,0.0,1.35667,195.100006
2020-07-06T21:54:38Z,9,211_THICK,211.0,2012-01-01T12:00:00.000,2012-04-10T12:00:00.000,-0.000614,0.0,0.0,0.968365,211.300003
2012-09-26T00:00:00Z,3,211_THICK,211.0,2012-01-01T12:00:00.000,2012-04-12T12:00:00.000,-0.000653,0.0,0.0,0.989835,211.300003
2017-12-10T05:05:38Z,8,211_THICK,211.0,2012-01-01T12:00:00.000,2012-04-10T12:00:00.000,-0.000675,0.0,0.0,0.962624,211.300003
2017-12-10T05:05:38Z,8,211_THIN,211.0,2012-01-01T12:00:00.000,2012-04-10T12:00:00.000,-0.000675,0.0,0.0,1.17382,211.300003
2012-09-26T00:00:00Z,3,211_THIN,211.0,2012-01-01T12:00:00.000,2012-04-12T12:00:00.000,-0.000653,0.0,0.0,1.207,211.300003
2020-07-06T21:54:38Z,9,211_THIN,211.0,2012-01-01T12:00:00.000,2012-04-10T12:00:00.000,-0.000614,0.0,0.0,1.18082,211.300003
2017-12-10T05:05:53Z,8,304_THICK,304.0,2012-01-01T12:00:00.000,2012-04-10T12:00:00.000,0.0,0.0,0.0,0.021503,303.799988
2020-07-06T21:54:42Z,9,304_THICK,304.0,2012-01-01T12:00:00.000,2012-04-10T12:00:00.000,0.000285,0.0,0.0,0.021942,303.799988
2012-09-26T00:00:00Z,3,304_THICK,304.0,2012-01-01T12:00:00.000,2012-04-12T12:00:00.000,0.000262,0.0,0.0,0.027995,303.799988
2020-07-06T21:54:42Z,9,304_THIN,304.0,2012-01-01T12:00:00.000,2012-04-10T12:00:00.000,0.000285,0.0,0.0,0.03038,303.799988
2017-12-10T05:05:53Z,8,304_THIN,304.0,2012-01-01T12:00:00.000,2012-04-10T12:00:00.000,0.0,0.0,0.0,0.029772,303.799988
2012-09-26T00:00:00Z,3,304_THIN,304.0,2012-01-01T12:00:00.000,2012-04-12T12:00:00.000,0.000262,0.0,0.0,0.03876,303.799988
2020-07-06T21:54:45Z,9,335_THICK,335.0,2012-01-01T12:00:00.000,2012-04-10T12:00:00.000,-0.002068,0.0,0.0,0.031959,335.399994
2012-09-26T00:00:00Z,3,335_THICK,335.0,2012-01-01T12:00:00.000,2012-04-12T12:00:00.000,-0.002779,0.0,0.0,0.031037,335.399994
2017-12-10T05:06:04Z,8,335_THICK,335.0,2012-01-01T12:00:00.000,2012-04-10T12:00:00.000,-0.002486,0.0,0.0,0.030136,335.399994
2012-09-26T00:00:00Z,3,335_THIN,335.0,2012-01-01T12:00:00.000,2012-04-12T12:00:00.000,-0.002779,0.0,0.0,0.043844,335.399994
2017-12-10T05:06:04Z,8,335_THIN,335.0,2012-01-01T12:00:00.000,2012-04-10T12:00:00.000,-0.002486,0.0,0.0,0.042572,335.399994
2020-07-06T21:54:45Z,9,335_THIN,335.0,2012-01-01T12:00:00.000,2012-04-10T12:00:00.000,-0.002068,0.0,0.0,0.045146,335.399994
2020-07-06T21:54:27Z,9,94_THICK,94.0,2012-01-01T12:00:00.000,2012-04-10T12:00:00.000,-0.000168,0.0,0.0,0.214832,93.900002
2012-09-26T00:00:00Z,3,94_THICK,94.0,2012-01-01T12:00:00.000,2012-04-12T12:00:00.000,0.0,0.0,0.0,0.205761,93.900002
2017-12-10T05:04:55Z,8,94_THICK,94.0,2012-01-01T12:00:00.000,2012-04-10T12:00:00.000,0.0,0.0,0.0,0.211287,93.900002
2012-09-26T00:00:00Z,3,94_THIN,94.0,2012-01-01T12:00:00.000,2012-04-12T12:00:00.000,0.0,0.0,0.0,0.286669,93.900002
2020-07-06T21:54:27Z,9,94_THIN,94.0,2012-01-01T12:00:00.000,2012-04-10T12:00:00.000,-0.000168,0.0,0.0,0.299307,93.900002
2017-12-10T05:04:55Z,8,94_THIN,94.0,2012-01-01T12:00:00.000,2012-04-10T12:00:00.000,0.0,0.0,0.0,0.294367,93.900002
2020-11-02T11:14:52Z,10,131_THICK,131.0,2012-04-10T12:00:00.000,2013-02-15T12:00:00.000,-0.000232,0.0,0.0,0.085949,131.199997
2020-07-06T21:54:30Z,9,131_THICK,131.0,2012-04-10T12:00:00.000,2013-02-15T12:00:00.000,-0.000214,0.0,0.0,0.085819,131.199997
2017-12-10T05:05:08Z,8,131_THICK,131.0,2012-04-10T12:00:00.000,2013-02-15T12:00:00.000,-0.000201,0.0,0.0,0.080359,131.199997
2020-07-06T21:54:30Z,9,131_THIN,131.0,2012-04-10T12:00:00.000,2013-02-15T12:00:00.000,-0.000214,0.0,0.0,1.03174,131.199997
2017-12-10T05:05:08Z,8,131_THIN,131.0,2012-04-10T12:00:00.000,2013-02-15T12:00:00.000,-0.000201,0.0,0.0,0.966099,131.199997
2020-11-02T11:14:52Z,10,131_THIN,131.0,2012-04-10T12:00:00.000,2013-02-15T12:00:00.000,-0.000232,0.0,0.0,1.03331,131.199997
2020-07-06T21:54:48Z,9,1600,1600.0,2012-04-10T12:00:00.000,2013-02-15T12:00:00.000,-0.000295,0.0,0.0,0.008362,1600.0
2020-11-02T21:54:48Z,10,1600,1600.0,2012-04-10T12:00:00.000,2013-02-15T12:00:00.000,-0.0003,0.0,0.0,0.00836,1600.0
2017-12-10T05:06:14Z,8,1600,1600.0,2012-04-10T12:00:00.000,2013-02-15T12:00:00.000,-0.000316,0.0,0.0,0.009446,1600.0
2020-07-06T21:54:50Z,9,1700,1700.0,2012-04-10T12:00:00.000,2013-02-15T12:00:00.000,-0.000134,0.0,0.0,0.0289,1700.0
2017-12-10T05:06:22Z,8,1700,1700.0,2012-04-10T12:00:00.000,2013-02-15T12:00:00.000,-0.000128,0.0,0.0,0.032368,1700.0
2020-11-02T21:54:50Z,10,1700,1700.0,2012-04-10T12:00:00.000,2013-02-15T12:00:00.000,-0.00013,0.0,0.0,0.0289,1700.0
2020-11-02T11:14:52Z,10,171_THICK,171.0,2012-04-10T12:00:00.000,2013-02-15T12:00:00.000,-0.000282,0.0,0.0,2.230913,171.100006
2020-11-02T11:14:52Z,10,171_THIN,171.0,2012-04-10T12:00:00.000,2013-02-15T12:00:00.000,-0.000282,0.0,0.0,2.705703,171.100006
2017-12-10T05:05:29Z,8,193_THICK,193.0,2012-04-10T12:00:00.000,2013-02-15T12:00:00.000,-8.8e-05,0.0,0.0,1.14069,195.100006
2020-11-02T11:14:52Z,10,193_THICK,193.0,2012-04-10T12:00:00.000,2013-02-15T12:00:00.000,-8.3e-05,0.0,0.0,1.144855,195.100006
2020-07-06T21:54:35Z,9,193_THICK,193.0,2012-04-10T12:00:00.000,2013-02-15T12:00:00.000,-8.4e-05,0.0,0.0,1.14519,195.100006
2020-11-02T11:14:52Z,10,193_THIN,193.0,2012-04-10T12:00:00.000,2013-02-15T12:00:00.000,-8.3e-05,0.0,0.0,1.372335,195.100006
2017-12-10T05:05:29Z,8,193_THIN,193.0,2012-04-10T12:00:00.000,2013-02-15T12:00:00.000,-8.8e-05,0.0,0.0,1.36734,195.100006
2020-07-06T21:54:35Z,9,193_THIN,193.0,2012-04-10T12:00:00.000,2013-02-15T12:00:00.000,-8.4e-05,0.0,0.0,1.37274,195.100006
2017-12-10T05:05:40Z,8,211_THICK,211.0,2012-04-10T12:00:00.000,2013-02-15T12:00:00.000,-0.000184,0.0,0.0,0.962583,211.300003
2020-07-06T21:54:38Z,9,211_THICK,211.0,2012-04-10T12:00:00.000,2013-02-15T12:00:00.000,-0.000168,0.0,0.0,0.96969,211.300003
2020-11-02T11:14:52Z,10,211_THICK,211.0,2012-04-10T12:00:00.000,2013-02-15T12:00:00.000,-0.000165,0.0,0.0,0.969104,211.300003
2017-12-10T05:05:40Z,8,211_THIN,211.0,2012-04-10T12:00:00.000,2013-02-15T12:00:00.000,-0.000184,0.0,0.0,1.17377,211.300003
2020-11-02T11:14:52Z,10,211_THIN,211.0,2012-04-10T12:00:00.000,2013-02-15T12:00:00.000,-0.000165,0.0,0.0,1.181727,211.300003
2020-07-06T21:54:38Z,9,211_THIN,211.0,2012-04-10T12:00:00.000,2013-02-15T12:00:00.000,-0.000168,0.0,0.0,1.18244,211.300003
2020-11-02T11:14:52Z,10,304_THICK,304.0,2012-04-10T12:00:00.000,2012-10-01T12:00:00.000,0.001041,0.0,0.0,0.023313,303.799988
2017-12-10T05:05:55Z,8,304_THICK,304.0,2012-04-10T12:00:00.000,2013-02-15T12:00:00.000,0.0,0.0,0.0,0.025518,303.799988
2020-07-06T21:54:42Z,9,304_THICK,304.0,2012-04-10T12:00:00.000,2013-05-01T12:00:00.000,0.000105,0.0,0.0,0.025865,303.799988
2017-12-10T05:05:55Z,8,304_THIN,304.0,2012-04-10T12:00:00.000,2013-02-15T12:00:00.000,0.0,0.0,0.0,0.035332,303.799988
2020-07-06T21:54:42Z,9,304_THIN,304.0,2012-04-10T12:00:00.000,2013-05-01T12:00:00.000,0.000105,0.0,0.0,0.035811,303.799988
2020-11-02T11:14:52Z,10,304_THIN,304.0,2012-04-10T12:00:00.000,2012-10-01T12:00:00.000,0.001041,0.0,0.0,0.032277,303.799988
2017-12-10T05:06:06Z,8,335_THICK,335.0,2012-04-10T12:00:00.000,2013-02-15T12:00:00.000,-0.001166,0.0,0.0,0.029796,335.399994
2020-11-02T11:14:52Z,10,335_THICK,335.0,2012-04-10T12:00:00.000,2012-10-01T12:00:00.000,-0.00117,0.0,0.0,0.032517,335.399994
2020-07-06T21:54:45Z,9,335_THICK,335.0,2012-04-10T12:00:00.000,2013-02-15T12:00:00.000,-0.000946,0.0,0.0,0.031841,335.399994
2017-12-10T05:06:06Z,8,335_THIN,335.0,2012-04-10T12:00:00.000,2013-02-15T12:00:00.000,-0.001166,0.0,0.0,0.042092,335.399994
2020-07-06T21:54:45Z,9,335_THIN,335.0,2012-04-10T12:00:00.000,2013-02-15T12:00:00.000,-0.000946,0.0,0.0,0.044979,335.399994
2020-11-02T11:14:52Z,10,335_THIN,335.0,2012-04-10T12:00:00.000,2012-10-01T12:00:00.000,-0.00117,0.0,0.0,0.045936,335.399994
2020-07-06T21:54:27Z,9,94_THICK,94.0,2012-04-10T12:00:00.000,2013-02-15T12:00:00.000,2.1e-05,0.0,0.0,0.209041,93.900002
2017-12-10T05:04:57Z,8,94_THICK,94.0,2012-04-10T12:00:00.000,2013-02-15T12:00:00.000,0.0,0.0,0.0,0.206445,93.900002
2020-11-02T11:14:52Z,10,94_THICK,94.0,2012-04-10T12:00:00.000,2013-02-15T12:00:00.000,-0.000164,0.0,0.0,0.212319,93.900002
2020-11-19T19:00:00Z,10,94_THICK,94.0,2012-04-10T12:00:00.000,2013-02-15T12:00:00.000,-0.000184,0.0,0.0,0.212667,93.900002
2020-11-19T19:00:00Z,10,94_THIN,94.0,2012-04-10T12:00:00.000,2013-02-15T12:00:00.000,-0.000184,0.0,0.0,0.29629,93.900002
2020-11-02T11:14:52Z,10,94_THIN,94.0,2012-04-10T12:00:00.000,2013-02-15T12:00:00.000,-0.000164,0.0,0.0,0.295805,93.900002
2017-12-10T05:04:57Z,8,94_THIN,94.0,2012-04-10T12:00:00.000,2013-02-15T12:00:00.000,0.0,0.0,0.0,0.287622,93.900002
2020-07-06T21:54:27Z,9,94_THIN,94.0,2012-04-10T12:00:00.000,2013-02-15T12:00:00.000,2.1e-05,0.0,0.0,0.291238,93.900002
2012-09-26T00:00:00Z,3,131_THICK,131.0,2012-04-12T12:00:00.000,2030-04-30T23:59:58.000,0.0,0.0,0.0,0.073906,131.199997
2012-09-26T00:00:00Z,3,131_THIN,131.0,2012-04-12T12:00:00.000,2030-04-30T23:59:58.000,0.0,0.0,0.0,0.888528,131.199997
2012-09-26T00:00:00Z,3,1600,1600.0,2012-04-12T12:00:00.000,2030-04-30T23:59:58.000,-0.000212,0.0,0.0,0.006603,1600.0
2012-09-26T00:00:00Z,3,1700,1700.0,2012-04-12T12:00:00.000,2030-04-30T23:59:58.000,0.0,0.0,0.0,0.044744,1700.0
2012-09-26T00:00:00Z,3,193_THICK,193.0,2012-04-12T12:00:00.000,2030-04-30T23:59:58.000,-0.000161,0.0,0.0,1.18935,195.100006
2012-09-26T00:00:00Z,3,193_THIN,193.0,2012-04-12T12:00:00.000,2030-04-30T23:59:58.000,-0.000161,0.0,0.0,1.42567,195.100006
2012-09-26T00:00:00Z,3,211_THICK,211.0,2012-04-12T12:00:00.000,2030-04-30T23:59:58.000,-0.000271,0.0,0.0,0.995219,211.300003
2012-09-26T00:00:00Z,3,211_THIN,211.0,2012-04-12T12:00:00.000,2030-04-30T23:59:58.000,-0.000271,0.0,0.0,1.21357,211.300003
2012-09-26T00:00:00Z,3,304_THICK,304.0,2012-04-12T12:00:00.000,2030-04-30T23:59:58.000,0.000693,0.0,0.0,0.031082,303.799988
2012-09-26T00:00:00Z,3,304_THIN,304.0,2012-04-12T12:00:00.000,2030-04-30T23:59:58.000,0.000693,0.0,0.0,0.043034,303.799988
2012-09-26T00:00:00Z,3,335_THICK,335.0,2012-04-12T12:00:00.000,2030-04-30T23:59:58.000,-0.001772,0.0,0.0,0.03196,335.399994
2012-09-26T00:00:00Z,3,335_THIN,335.0,2012-04-12T12:00:00.000,2030-04-30T23:59:58.000,-0.001772,0.0,0.0,0.045147,335.399994
2012-09-26T00:00:00Z,3,94_THICK,94.0,2012-04-12T12:00:00.000,2030-04-30T23:59:58.000,0.0,0.0,0.0,0.202631,93.900002
2012-09-26T00:00:00Z,3,94_THIN,94.0,2012-04-12T12:00:00.000,2030-04-30T23:59:58.000,0.0,0.0,0.0,0.282308,93.900002
2020-11-02T11:14:52Z,10,304_THICK,304.0,2012-10-01T12:00:00.000,2013-02-15T12:00:00.000,-0.000122,0.0,0.0,0.027537,303.799988
2020-11-02T11:14:52Z,10,304_THIN,304.0,2012-10-01T12:00:00.000,2013-02-15T12:00:00.000,-0.000122,0.0,0.0,0.038126,303.799988
2020-11-02T11:14:52Z,10,335_THICK,335.0,2012-10-01T12:00:00.000,2013-02-15T12:00:00.000,-0.00093,0.0,0.0,0.025899,335.399994
2020-11-02T11:14:52Z,10,335_THIN,335.0,2012-10-01T12:00:00.000,2013-02-15T12:00:00.000,-0.00093,0.0,0.0,0.036586,335.399994
2017-12-10T05:05:09Z,8,131_THICK,131.0,2013-02-15T12:00:00.000,2013-05-01T12:00:00.000,-0.000283,0.0,0.0,0.074804,131.199997
2020-07-06T21:54:30Z,9,131_THICK,131.0,2013-02-15T12:00:00.000,2013-05-01T12:00:00.000,-0.000346,0.0,0.0,0.080107,131.199997
2020-11-02T11:14:52Z,10,131_THICK,131.0,2013-02-15T12:00:00.000,2014-05-25T12:00:00.000,-0.000124,0.0,0.0,0.079737,131.199997
2020-07-06T21:54:30Z,9,131_THIN,131.0,2013-02-15T12:00:00.000,2013-05-01T12:00:00.000,-0.000346,0.0,0.0,0.963078,131.199997
2017-12-10T05:05:09Z,8,131_THIN,131.0,2013-02-15T12:00:00.000,2013-05-01T12:00:00.000,-0.000283,0.0,0.0,0.899326,131.199997
2020-11-02T11:14:52Z,10,131_THIN,131.0,2013-02-15T12:00:00.000,2014-05-25T12:00:00.000,-0.000124,0.0,0.0,0.958624,131.199997
2020-07-06T21:54:48Z,9,1600,1600.0,2013-02-15T12:00:00.000,2013-05-01T12:00:00.000,-0.000392,0.0,0.0,0.007662,1600.0
2020-11-02T21:54:48Z,10,1600,1600.0,2013-02-15T12:00:00.000,2013-05-01T12:00:00.000,-0.00039,0.0,0.0,0.00766,1600.0
2017-12-10T05:06:15Z,8,1600,1600.0,2013-02-15T12:00:00.000,2013-05-01T12:00:00.000,-6.8e-05,0.0,0.0,0.008495,1600.0
2020-11-02T21:54:51Z,10,1700,1700.0,2013-02-15T12:00:00.000,2013-05-01T12:00:00.000,-0.00028,0.0,0.0,0.02788,1700.0
2020-07-06T21:54:51Z,9,1700,1700.0,2013-02-15T12:00:00.000,2013-05-01T12:00:00.000,-0.000283,0.0,0.0,0.027875,1700.0
2017-12-10T05:06:23Z,8,1700,1700.0,2013-02-15T12:00:00.000,2013-05-01T12:00:00.000,0.0,0.0,0.0,0.030912,1700.0
2020-11-02T11:14:52Z,10,171_THICK,171.0,2013-02-15T12:00:00.000,2014-05-25T12:00:00.000,-3e-05,0.0,0.0,2.035134,171.100006
2017-12-10T05:05:19Z,8,171_THICK,171.0,2013-02-15T12:00:00.000,2013-05-01T12:00:00.000,-9.9e-05,0.0,0.0,2.47565,171.100006
2020-07-06T21:54:32Z,9,171_THICK,171.0,2013-02-15T12:00:00.000,2013-05-01T12:00:00.000,-0.000128,0.0,0.0,2.04599,171.100006
2020-07-06T21:54:32Z,9,171_THIN,171.0,2013-02-15T12:00:00.000,2013-05-01T12:00:00.000,-0.000128,0.0,0.0,2.48143,171.100006
2020-11-02T11:14:52Z,10,171_THIN,171.0,2013-02-15T12:00:00.000,2014-05-25T12:00:00.000,-3e-05,0.0,0.0,2.468257,171.100006
2017-12-10T05:05:19Z,8,171_THIN,171.0,2013-02-15T12:00:00.000,2013-05-01T12:00:00.000,-9.9e-05,0.0,0.0,3.00253,171.100006
2020-07-06T21:54:35Z,9,193_THICK,193.0,2013-02-15T12:00:00.000,2013-05-01T12:00:00.000,6.8e-05,0.0,0.0,1.09334,195.100006
2020-11-02T11:14:52Z,10,193_THICK,193.0,2013-02-15T12:00:00.000,2014-05-25T12:00:00.000,-0.00014,0.0,0.0,1.109769,195.100006
2017-12-10T05:05:30Z,8,193_THICK,193.0,2013-02-15T12:00:00.000,2013-05-01T12:00:00.000,0.0,0.0,0.0,1.08971,195.100006
2017-12-10T05:05:30Z,8,193_THIN,193.0,2013-02-15T12:00:00.000,2013-05-01T12:00:00.000,0.0,0.0,0.0,1.30623,195.100006
2020-07-06T21:54:35Z,9,193_THIN,193.0,2013-02-15T12:00:00.000,2013-05-01T12:00:00.000,6.8e-05,0.0,0.0,1.31058,195.100006
2020-11-02T11:14:52Z,10,193_THIN,193.0,2013-02-15T12:00:00.000,2014-05-25T12:00:00.000,-0.00014,0.0,0.0,1.330277,195.100006
2020-07-06T21:54:38Z,9,211_THICK,211.0,2013-02-15T12:00:00.000,2013-05-01T12:00:00.000,3.7e-05,0.0,0.0,0.890346,211.300003
2020-11-02T11:14:52Z,10,211_THICK,211.0,2013-02-15T12:00:00.000,2014-05-25T12:00:00.000,4.2e-05,0.0,0.0,0.872433,211.300003
2017-12-10T05:05:41Z,8,211_THICK,211.0,2013-02-15T12:00:00.000,2013-05-01T12:00:00.000,0.0,0.0,0.0,0.879701,211.300003
2017-12-10T05:05:41Z,8,211_THIN,211.0,2013-02-15T12:00:00.000,2013-05-01T12:00:00.000,0.0,0.0,0.0,1.07271,211.300003
2020-11-02T11:14:52Z,10,211_THIN,211.0,2013-02-15T12:00:00.000,2014-05-25T12:00:00.000,4.2e-05,0.0,0.0,1.063847,211.300003
2020-07-06T21:54:38Z,9,211_THIN,211.0,2013-02-15T12:00:00.000,2013-05-01T12:00:00.000,3.7e-05,0.0,0.0,1.08569,211.300003
2017-12-10T05:05:56Z,8,304_THICK,304.0,2013-02-15T12:00:00.000,2013-05-01T12:00:00.000,-9.9e-05,0.0,0.0,0.025067,303.799988
2020-11-02T11:14:52Z,10,304_THICK,304.0,2013-02-15T12:00:00.000,2014-05-25T12:00:00.000,-0.000812,0.0,0.0,0.027076,303.799988
2017-12-10T05:05:56Z,8,304_THIN,304.0,2013-02-15T12:00:00.000,2013-05-01T12:00:00.000,-9.9e-05,0.0,0.0,0.034706,303.799988
2020-11-02T11:14:52Z,10,304_THIN,304.0,2013-02-15T12:00:00.000,2014-05-25T12:00:00.000,-0.000812,0.0,0.0,0.037488,303.799988
2020-11-02T11:14:52Z,10,335_THICK,335.0,2013-02-15T12:00:00.000,2014-05-25T12:00:00.000,-0.000659,0.0,0.0,0.0226,335.399994
2017-12-10T05:06:07Z,8,335_THICK,335.0,2013-02-15T12:00:00.000,2013-05-01T12:00:00.000,-0.000647,0.0,0.0,0.019088,335.399994
2020-07-06T21:54:45Z,9,335_THICK,335.0,2013-02-15T12:00:00.000,2013-05-01T12:00:00.000,-0.000882,0.0,0.0,0.022754,335.399994
2020-11-02T11:14:52Z,10,335_THIN,335.0,2013-02-15T12:00:00.000,2014-05-25T12:00:00.000,-0.000659,0.0,0.0,0.031926,335.399994
2020-07-06T21:54:45Z,9,335_THIN,335.0,2013-02-15T12:00:00.000,2013-05-01T12:00:00.000,-0.000882,0.0,0.0,0.032144,335.399994
2017-12-10T05:06:07Z,8,335_THIN,335.0,2013-02-15T12:00:00.000,2013-05-01T12:00:00.000,-0.000647,0.0,0.0,0.026964,335.399994
2020-11-19T19:00:00Z,10,94_THICK,94.0,2013-02-15T12:00:00.000,2014-05-25T12:00:00.000,-7.8e-05,0.0,0.0,0.200494,93.900002
2020-07-06T21:54:27Z,9,94_THICK,94.0,2013-02-15T12:00:00.000,2013-05-01T12:00:00.000,-0.000422,0.0,0.0,0.204297,93.900002
2017-12-10T05:04:58Z,8,94_THICK,94.0,2013-02-15T12:00:00.000,2013-05-01T12:00:00.000,0.0,0.0,0.0,0.198558,93.900002
2020-11-02T11:14:52Z,10,94_THICK,94.0,2013-02-15T12:00:00.000,2014-05-25T12:00:00.000,-0.000121,0.0,0.0,0.201476,93.900002
2020-11-19T19:00:00Z,10,94_THIN,94.0,2013-02-15T12:00:00.000,2014-05-25T12:00:00.000,-7.8e-05,0.0,0.0,0.27933,93.900002
2017-12-10T05:04:58Z,8,94_THIN,94.0,2013-02-15T12:00:00.000,2013-05-01T12:00:00.000,0.0,0.0,0.0,0.276634,93.900002
2020-07-06T21:54:27Z,9,94_THIN,94.0,2013-02-15T12:00:00.000,2013-05-01T12:00:00.000,-0.000422,0.0,0.0,0.284629,93.900002
2020-11-02T11:14:52Z,10,94_THIN,94.0,2013-02-15T12:00:00.000,2014-05-25T12:00:00.000,-0.000121,0.0,0.0,0.280698,93.900002
2020-07-06T21:54:30Z,9,131_THICK,131.0,2013-05-01T12:00:00.000,2013-10-01T12:00:00.000,1.2e-05,0.0,0.0,0.077871,131.199997
2017-12-10T05:05:11Z,8,131_THICK,131.0,2013-05-01T12:00:00.000,2013-10-01T12:00:00.000,-4.6e-05,0.0,0.0,0.073234,131.199997
2017-12-10T05:05:11Z,8,131_THIN,131.0,2013-05-01T12:00:00.000,2013-10-01T12:00:00.000,-4.6e-05,0.0,0.0,0.880445,131.199997
2020-07-06T21:54:30Z,9,131_THIN,131.0,2013-05-01T12:00:00.000,2013-10-01T12:00:00.000,1.2e-05,0.0,0.0,0.936192,131.199997
2020-11-02T21:54:48Z,10,1600,1600.0,2013-05-01T12:00:00.000,2013-08-16T00:00:00.000,-0.00038,0.0,0.0,0.00725,1600.0
2020-07-06T21:54:48Z,9,1600,1600.0,2013-05-01T12:00:00.000,2013-08-16T00:00:00.000,-0.000383,0.0,0.0,0.00725,1600.0
2017-12-10T05:06:16Z,8,1600,1600.0,2013-05-01T12:00:00.000,2013-08-16T00:00:00.000,-0.000242,0.0,0.0,0.008133,1600.0
2020-11-02T21:54:51Z,10,1700,1700.0,2013-05-01T12:00:00.000,2013-08-16T00:00:00.000,-0.00016,0.0,0.0,0.02708,1700.0
2020-07-06T21:54:51Z,9,1700,1700.0,2013-05-01T12:00:00.000,2013-08-16T00:00:00.000,-0.000157,0.0,0.0,0.027079,1700.0
2017-12-10T05:06:24Z,8,1700,1700.0,2013-05-01T12:00:00.000,2013-08-16T00:00:00.000,-2e-05,0.0,0.0,0.030221,1700.0
2020-07-06T21:54:33Z,9,171_THICK,171.0,2013-05-01T12:00:00.000,2013-10-01T12:00:00.000,-9.1e-05,0.0,0.0,2.03285,171.100006
2017-12-10T05:05:21Z,8,171_THICK,171.0,2013-05-01T12:00:00.000,2013-10-01T12:00:00.000,-9.1e-05,0.0,0.0,2.46347,171.100006
2020-07-06T21:54:33Z,9,171_THIN,171.0,2013-05-01T12:00:00.000,2013-10-01T12:00:00.000,-9.1e-05,0.0,0.0,2.46549,171.100006
2017-12-10T05:05:21Z,8,171_THIN,171.0,2013-05-01T12:00:00.000,2013-10-01T12:00:00.000,-9.1e-05,0.0,0.0,2.98776,171.100006
2020-07-06T21:54:36Z,9,193_THICK,193.0,2013-05-01T12:00:00.000,2013-10-01T12:00:00.000,-0.000114,0.0,0.0,1.09382,195.100006
2017-12-10T05:05:32Z,8,193_THICK,193.0,2013-05-01T12:00:00.000,2013-10-01T12:00:00.000,-0.000114,0.0,0.0,1.08741,195.100006
2020-07-06T21:54:36Z,9,193_THIN,193.0,2013-05-01T12:00:00.000,2013-10-01T12:00:00.000,-0.000114,0.0,0.0,1.31116,195.100006
2017-12-10T05:05:32Z,8,193_THIN,193.0,2013-05-01T12:00:00.000,2013-10-01T12:00:00.000,-0.000114,0.0,0.0,1.30347,195.100006
2020-07-06T21:54:39Z,9,211_THICK,211.0,2013-05-01T12:00:00.000,2013-10-01T12:00:00.000,-0.000162,0.0,0.0,0.887443,211.300003
2017-12-10T05:05:42Z,8,211_THICK,211.0,2013-05-01T12:00:00.000,2013-10-01T12:00:00.000,-0.000187,0.0,0.0,0.877569,211.300003
2017-12-10T05:05:42Z,8,211_THIN,211.0,2013-05-01T12:00:00.000,2013-10-01T12:00:00.000,-0.000187,0.0,0.0,1.07011,211.300003
2020-07-06T21:54:39Z,9,211_THIN,211.0,2013-05-01T12:00:00.000,2013-10-01T12:00:00.000,-0.000162,0.0,0.0,1.08215,211.300003
2020-07-06T21:54:42Z,9,304_THICK,304.0,2013-05-01T12:00:00.000,2013-10-01T12:00:00.000,-0.000761,0.0,0.0,0.025399,303.799988
2017-12-10T05:05:57Z,8,304_THICK,304.0,2013-05-01T12:00:00.000,2013-10-01T12:00:00.000,-0.000825,0.0,0.0,0.024512,303.799988
2017-12-10T05:05:57Z,8,304_THIN,304.0,2013-05-01T12:00:00.000,2013-10-01T12:00:00.000,-0.000825,0.0,0.0,0.033939,303.799988
2020-07-06T21:54:42Z,9,304_THIN,304.0,2013-05-01T12:00:00.000,2013-10-01T12:00:00.000,-0.000761,0.0,0.0,0.035167,303.799988
2020-07-06T21:54:46Z,9,335_THICK,335.0,2013-05-01T12:00:00.000,2013-10-01T12:00:00.000,-0.000554,0.0,0.0,0.020865,335.399994
2017-12-10T05:06:09Z,8,335_THICK,335.0,2013-05-01T12:00:00.000,2013-10-01T12:00:00.000,-0.001034,0.0,0.0,0.018213,335.399994
2020-07-06T21:54:46Z,9,335_THIN,335.0,2013-05-01T12:00:00.000,2013-10-01T12:00:00.000,-0.000554,0.0,0.0,0.029475,335.399994
2017-12-10T05:06:09Z,8,335_THIN,335.0,2013-05-01T12:00:00.000,2013-10-01T12:00:00.000,-0.001034,0.0,0.0,0.025729,335.399994
2017-12-10T05:05:00Z,8,94_THICK,94.0,2013-05-01T12:00:00.000,2013-10-01T12:00:00.000,0.0,0.0,0.0,0.189529,93.900002
2020-07-06T21:54:28Z,9,94_THICK,94.0,2013-05-01T12:00:00.000,2013-10-01T12:00:00.000,-0.000275,0.0,0.0,0.196686,93.900002
2020-07-06T21:54:28Z,9,94_THIN,94.0,2013-05-01T12:00:00.000,2013-10-01T12:00:00.000,-0.000275,0.0,0.0,0.274025,93.900002
2017-12-10T05:05:00Z,8,94_THIN,94.0,2013-05-01T12:00:00.000,2013-10-01T12:00:00.000,0.0,0.0,0.0,0.264055,93.900002
2017-12-10T05:06:17Z,8,1600,1600.0,2013-08-16T00:00:00.000,2013-10-01T12:00:00.000,-0.000896,0.0,0.0,0.00866,1600.0
2020-07-06T21:54:49Z,9,1600,1600.0,2013-08-16T00:00:00.000,2014-05-01T12:00:00.000,-0.000283,0.0,0.0,0.007751,1600.0
2020-11-02T21:54:49Z,10,1600,1600.0,2013-08-16T00:00:00.000,2014-05-01T12:00:00.000,-0.00028,0.0,0.0,0.00775,1600.0
2017-12-10T05:06:25Z,8,1700,1700.0,2013-08-16T00:00:00.000,2013-10-01T12:00:00.000,-0.000744,0.0,0.0,0.032493,1700.0
2020-11-02T21:54:51Z,10,1700,1700.0,2013-08-16T00:00:00.000,2014-05-01T12:00:00.000,0.00032,0.0,0.0,0.02803,1700.0
2020-07-06T21:54:51Z,9,1700,1700.0,2013-08-16T00:00:00.000,2014-05-01T12:00:00.000,0.000315,0.0,0.0,0.02803,1700.0
2020-07-06T21:54:30Z,9,131_THICK,131.0,2013-10-01T12:00:00.000,2018-03-05T12:00:00.000,-0.000214,0.0,0.0,0.078015,131.199997
2017-12-10T05:05:12Z,8,131_THICK,131.0,2013-10-01T12:00:00.000,2014-05-25T12:00:00.000,-0.000178,0.0,0.0,0.074022,131.199997
2020-07-06T21:54:30Z,9,131_THIN,131.0,2013-10-01T12:00:00.000,2018-03-05T12:00:00.000,-0.000214,0.0,0.0,0.937921,131.199997
2017-12-10T05:05:12Z,8,131_THIN,131.0,2013-10-01T12:00:00.000,2014-05-25T12:00:00.000,-0.000178,0.0,0.0,0.889913,131.199997
2017-12-10T05:06:17Z,8,1600,1600.0,2013-10-01T12:00:00.000,2014-05-01T12:00:00.000,0.0,0.0,0.0,0.008569,1600.0
2017-12-10T05:06:25Z,8,1700,1700.0,2013-10-01T12:00:00.000,2014-05-01T12:00:00.000,0.0,0.0,0.0,0.033739,1700.0
2020-07-06T21:54:33Z,9,171_THICK,171.0,2013-10-01T12:00:00.000,2014-05-25T12:00:00.000,2e-05,0.0,0.0,2.00463,171.100006
2017-12-10T05:05:22Z,8,171_THICK,171.0,2013-10-01T12:00:00.000,2014-05-25T12:00:00.000,0.0,0.0,0.0,2.44165,171.100006
2017-12-10T05:05:22Z,8,171_THIN,171.0,2013-10-01T12:00:00.000,2014-05-25T12:00:00.000,0.0,0.0,0.0,2.9613,171.100006
2020-07-06T21:54:33Z,9,171_THIN,171.0,2013-10-01T12:00:00.000,2014-05-25T12:00:00.000,2e-05,0.0,0.0,2.43127,171.100006
2017-12-10T05:05:33Z,8,193_THICK,193.0,2013-10-01T12:00:00.000,2014-05-25T12:00:00.000,0.0,0.0,0.0,1.07633,195.100006
2020-07-06T21:54:36Z,9,193_THICK,193.0,2013-10-01T12:00:00.000,2014-05-25T12:00:00.000,6.2e-05,0.0,0.0,1.07476,195.100006
2017-12-10T05:05:33Z,8,193_THIN,193.0,2013-10-01T12:00:00.000,2014-05-25T12:00:00.000,0.0,0.0,0.0,1.2902,195.100006
2020-07-06T21:54:36Z,9,193_THIN,193.0,2013-10-01T12:00:00.000,2014-05-25T12:00:00.000,6.2e-05,0.0,0.0,1.28831,195.100006
2020-07-06T21:54:39Z,9,211_THICK,211.0,2013-10-01T12:00:00.000,2014-05-25T12:00:00.000,2.7e-05,0.0,0.0,0.86551,211.300003
2017-12-10T05:05:44Z,8,211_THICK,211.0,2013-10-01T12:00:00.000,2014-05-25T12:00:00.000,0.0,0.0,0.0,0.857911,211.300003
2020-07-06T21:54:39Z,9,211_THIN,211.0,2013-10-01T12:00:00.000,2014-05-25T12:00:00.000,2.7e-05,0.0,0.0,1.0554,211.300003
2017-12-10T05:05:44Z,8,211_THIN,211.0,2013-10-01T12:00:00.000,2014-05-25T12:00:00.000,0.0,0.0,0.0,1.04613,211.300003
2017-12-10T05:05:59Z,8,304_THICK,304.0,2013-10-01T12:00:00.000,2014-05-25T12:00:00.000,-0.000649,0.0,0.0,0.020346,303.799988
2020-07-06T21:54:42Z,9,304_THICK,304.0,2013-10-01T12:00:00.000,2014-05-25T12:00:00.000,-0.001056,0.0,0.0,0.022451,303.799988
2020-07-06T21:54:42Z,9,304_THIN,304.0,2013-10-01T12:00:00.000,2014-05-25T12:00:00.000,-0.001056,0.0,0.0,0.031085,303.799988
2017-12-10T05:05:59Z,8,304_THIN,304.0,2013-10-01T12:00:00.000,2014-05-25T12:00:00.000,-0.000649,0.0,0.0,0.02817,303.799988
2017-12-10T05:06:10Z,8,335_THICK,335.0,2013-10-01T12:00:00.000,2014-05-25T12:00:00.000,-0.000718,0.0,0.0,0.016389,335.399994
2020-07-06T21:54:46Z,9,335_THICK,335.0,2013-10-01T12:00:00.000,2014-05-25T12:00:00.000,-0.000618,0.0,0.0,0.019102,335.399994
2020-07-06T21:54:46Z,9,335_THIN,335.0,2013-10-01T12:00:00.000,2014-05-25T12:00:00.000,-0.000618,0.0,0.0,0.026983,335.399994
2017-12-10T05:06:10Z,8,335_THIN,335.0,2013-10-01T12:00:00.000,2014-05-25T12:00:00.000,-0.000718,0.0,0.0,0.023152,335.399994
2020-07-06T21:54:28Z,9,94_THICK,94.0,2013-10-01T12:00:00.000,2016-05-01T12:00:00.000,-4.9e-05,0.0,0.0,0.188427,93.900002
2017-12-10T05:05:01Z,8,94_THICK,94.0,2013-10-01T12:00:00.000,2014-05-25T12:00:00.000,0.0,0.0,0.0,0.185239,93.900002
2017-12-10T05:05:01Z,8,94_THIN,94.0,2013-10-01T12:00:00.000,2014-05-25T12:00:00.000,0.0,0.0,0.0,0.258077,93.900002
2020-07-06T21:54:28Z,9,94_THIN,94.0,2013-10-01T12:00:00.000,2016-05-01T12:00:00.000,-4.9e-05,0.0,0.0,0.262518,93.900002
2017-12-10T05:06:18Z,8,1600,1600.0,2014-05-01T12:00:00.000,2016-05-01T12:00:00.000,-0.000148,0.0,0.0,0.008387,1600.0
2020-11-02T21:54:49Z,10,1600,1600.0,2014-05-01T12:00:00.000,2016-05-01T12:00:00.000,-0.00028,0.0,0.0,0.00719,1600.0
2020-07-06T21:54:49Z,9,1600,1600.0,2014-05-01T12:00:00.000,2016-05-01T12:00:00.000,-0.000276,0.0,0.0,0.007186,1600.0
2017-12-10T05:06:26Z,8,1700,1700.0,2014-05-01T12:00:00.000,2016-05-01T12:00:00.000,0.0,0.0,0.0,0.035253,1700.0
2020-11-02T21:54:51Z,10,1700,1700.0,2014-05-01T12:00:00.000,2016-05-01T12:00:00.000,-1e-05,0.0,0.0,0.03031,1700.0
2020-07-06T21:54:51Z,9,1700,1700.0,2014-05-01T12:00:00.000,2016-05-01T12:00:00.000,-1.4e-05,0.0,0.0,0.030309,1700.0
2017-12-10T05:05:13Z,8,131_THICK,131.0,2014-05-25T12:00:00.000,2015-09-01T12:00:00.000,-0.000175,0.0,0.0,0.069863,131.199997
2020-11-02T11:14:52Z,10,131_THICK,131.0,2014-05-25T12:00:00.000,2015-05-01T12:00:00.000,-0.000373,0.0,0.0,0.075143,131.199997
2020-11-02T11:14:52Z,10,131_THIN,131.0,2014-05-25T12:00:00.000,2015-05-01T12:00:00.000,-0.000373,0.0,0.0,0.903393,131.199997
2017-12-10T05:05:13Z,8,131_THIN,131.0,2014-05-25T12:00:00.000,2015-09-01T12:00:00.000,-0.000175,0.0,0.0,0.839916,131.199997
2020-07-06T21:54:33Z,9,171_THICK,171.0,2014-05-25T12:00:00.000,2016-01-01T12:00:00.000,-0.000334,0.0,0.0,2.01405,171.100006
2020-11-02T11:14:52Z,10,171_THICK,171.0,2014-05-25T12:00:00.000,2015-05-01T12:00:00.000,-0.000446,0.0,0.0,2.007089,171.100006
2017-12-10T05:05:22Z,8,171_THICK,171.0,2014-05-25T12:00:00.000,2015-09-01T12:00:00.000,-0.000176,0.0,0.0,2.46054,171.100006
2020-07-06T21:54:33Z,9,171_THIN,171.0,2014-05-25T12:00:00.000,2016-01-01T12:00:00.000,-0.000334,0.0,0.0,2.4427,171.100006
2020-11-02T11:14:52Z,10,171_THIN,171.0,2014-05-25T12:00:00.000,2015-05-01T12:00:00.000,-0.000446,0.0,0.0,2.434244,171.100006
2017-12-10T05:05:22Z,8,171_THIN,171.0,2014-05-25T12:00:00.000,2015-09-01T12:00:00.000,-0.000176,0.0,0.0,2.98421,171.100006
2017-12-10T05:05:34Z,8,193_THICK,193.0,2014-05-25T12:00:00.000,2030-05-01T00:00:00.000,-4.7e-05,0.0,0.0,1.03222,195.100006
2020-07-06T21:54:36Z,9,193_THICK,193.0,2014-05-25T12:00:00.000,2018-03-05T12:00:00.000,-0.00019,0.0,0.0,1.09038,195.100006
2020-11-02T11:14:52Z,10,193_THICK,193.0,2014-05-25T12:00:00.000,2015-05-01T12:00:00.000,-3.4e-05,0.0,0.0,1.037564,195.100006
2020-07-06T21:54:36Z,9,193_THIN,193.0,2014-05-25T12:00:00.000,2018-03-05T12:00:00.000,-0.00019,0.0,0.0,1.30703,195.100006
2020-11-02T11:14:52Z,10,193_THIN,193.0,2014-05-25T12:00:00.000,2015-05-01T12:00:00.000,-3.4e-05,0.0,0.0,1.243725,195.100006
2017-12-10T05:05:34Z,8,193_THIN,193.0,2014-05-25T12:00:00.000,2030-05-01T00:00:00.000,-4.7e-05,0.0,0.0,1.23732,195.100006
2017-12-10T05:05:44Z,8,211_THICK,211.0,2014-05-25T12:00:00.000,2030-05-01T00:00:00.000,-6.5e-05,0.0,0.0,0.824123,211.300003
2020-11-02T11:14:52Z,10,211_THICK,211.0,2014-05-25T12:00:00.000,2015-05-01T12:00:00.000,0.0,0.0,0.0,0.88943,211.300003
2020-07-06T21:54:39Z,9,211_THICK,211.0,2014-05-25T12:00:00.000,2017-05-01T12:00:00.000,-8.3e-05,0.0,0.0,0.871025,211.300003
2020-07-06T21:54:39Z,9,211_THIN,211.0,2014-05-25T12:00:00.000,2017-05-01T12:00:00.000,-8.3e-05,0.0,0.0,1.06213,211.300003
2017-12-10T05:05:44Z,8,211_THIN,211.0,2014-05-25T12:00:00.000,2030-05-01T00:00:00.000,-6.5e-05,0.0,0.0,1.00493,211.300003
2020-11-02T11:14:52Z,10,211_THIN,211.0,2014-05-25T12:00:00.000,2015-05-01T12:00:00.000,0.0,0.0,0.0,1.084574,211.300003
2020-07-06T21:54:43Z,9,304_THICK,304.0,2014-05-25T12:00:00.000,2015-05-01T12:00:00.000,-0.001411,0.0,0.0,0.01687,303.799988
2020-11-02T11:14:52Z,10,304_THICK,304.0,2014-05-25T12:00:00.000,2015-05-01T12:00:00.000,-0.001565,0.0,0.0,0.016872,303.799988
2017-12-10T05:05:59Z,8,304_THICK,304.0,2014-05-25T12:00:00.000,2015-05-01T12:00:00.000,-0.001313,0.0,0.0,0.014871,303.799988
2017-12-10T05:05:59Z,8,304_THIN,304.0,2014-05-25T12:00:00.000,2015-05-01T12:00:00.000,-0.001313,0.0,0.0,0.02059,303.799988
2020-07-06T21:54:43Z,9,304_THIN,304.0,2014-05-25T12:00:00.000,2015-05-01T12:00:00.000,-0.001411,0.0,0.0,0.023357,303.799988
2020-11-02T11:14:52Z,10,304_THIN,304.0,2014-05-25T12:00:00.000,2015-05-01T12:00:00.000,-0.001565,0.0,0.0,0.02336,303.799988
2017-12-10T05:06:10Z,8,335_THICK,335.0,2014-05-25T12:00:00.000,2015-05-01T12:00:00.000,-0.000487,0.0,0.0,0.012385,335.399994
2020-07-06T21:54:46Z,9,335_THICK,335.0,2014-05-25T12:00:00.000,2016-05-01T12:00:00.000,-0.000607,0.0,0.0,0.016321,335.399994
2020-11-02T11:14:52Z,10,335_THICK,335.0,2014-05-25T12:00:00.000,2015-05-01T12:00:00.000,-0.000733,0.0,0.0,0.015689,335.399994
2020-07-06T21:54:46Z,9,335_THIN,335.0,2014-05-25T12:00:00.000,2016-05-01T12:00:00.000,-0.000607,0.0,0.0,0.023056,335.399994
2017-12-10T05:06:10Z,8,335_THIN,335.0,2014-05-25T12:00:00.000,2015-05-01T12:00:00.000,-0.000487,0.0,0.0,0.017496,335.399994
2020-11-02T11:14:52Z,10,335_THIN,335.0,2014-05-25T12:00:00.000,2015-05-01T12:00:00.000,-0.000733,0.0,0.0,0.022163,335.399994
2020-11-19T19:00:00Z,10,94_THICK,94.0,2014-05-25T12:00:00.000,2015-05-01T12:00:00.000,-0.0,0.0,0.0,0.193237,93.900002
2017-12-10T05:05:02Z,8,94_THICK,94.0,2014-05-25T12:00:00.000,2015-09-01T12:00:00.000,0.0,0.0,0.0,0.174209,93.900002
2020-11-02T11:14:52Z,10,94_THICK,94.0,2014-05-25T12:00:00.000,2015-05-01T12:00:00.000,-0.000187,0.0,0.0,0.190183,93.900002
2017-12-10T05:05:02Z,8,94_THIN,94.0,2014-05-25T12:00:00.000,2015-09-01T12:00:00.000,0.0,0.0,0.0,0.24271,93.900002
2020-11-02T11:14:52Z,10,94_THIN,94.0,2014-05-25T12:00:00.000,2015-05-01T12:00:00.000,-0.000187,0.0,0.0,0.264965,93.900002
2020-11-19T19:00:00Z,10,94_THIN,94.0,2014-05-25T12:00:00.000,2015-05-01T12:00:00.000,-0.0,0.0,0.0,0.26922,93.900002
2020-11-02T11:14:52Z,10,131_THICK,131.0,2015-05-01T12:00:00.000,2018-06-18T18:00:00.000,-0.000172,0.0,0.0,0.065598,131.199997
2020-11-02T11:14:52Z,10,131_THIN,131.0,2015-05-01T12:00:00.000,2018-06-18T18:00:00.000,-0.000172,0.0,0.0,0.788642,131.199997
2020-11-02T11:14:52Z,10,171_THICK,171.0,2015-05-01T12:00:00.000,2018-06-18T18:00:00.000,0.0,0.0,0.0,1.701701,171.100006
2020-11-02T11:14:52Z,10,171_THIN,171.0,2015-05-01T12:00:00.000,2018-06-18T18:00:00.000,0.0,0.0,0.0,2.063863,171.100006
2020-11-02T11:14:52Z,10,193_THICK,193.0,2015-05-01T12:00:00.000,2018-06-18T18:00:00.000,-0.000219,0.0,0.0,1.025486,195.100006
2020-11-02T11:14:52Z,10,193_THIN,193.0,2015-05-01T12:00:00.000,2018-06-18T18:00:00.000,-0.000219,0.0,0.0,1.229247,195.100006
2020-11-02T11:14:52Z,10,211_THICK,211.0,2015-05-01T12:00:00.000,2018-06-18T18:00:00.000,-0.000231,0.0,0.0,0.88943,211.300003
2020-11-02T11:14:52Z,10,211_THIN,211.0,2015-05-01T12:00:00.000,2018-06-18T18:00:00.000,-0.000231,0.0,0.0,1.084574,211.300003
2020-11-02T11:14:52Z,10,304_THICK,304.0,2015-05-01T12:00:00.000,2018-06-18T18:00:00.000,-0.000418,0.0,0.0,0.007869,303.799988
2020-07-06T21:54:43Z,9,304_THICK,304.0,2015-05-01T12:00:00.000,2016-05-01T12:00:00.000,-0.000893,0.0,0.0,0.008765,303.799988
2017-12-10T05:06:00Z,8,304_THICK,304.0,2015-05-01T12:00:00.000,2016-05-01T12:00:00.000,-0.001115,0.0,0.0,0.008148,303.799988
2020-07-06T21:54:43Z,9,304_THIN,304.0,2015-05-01T12:00:00.000,2016-05-01T12:00:00.000,-0.000893,0.0,0.0,0.012135,303.799988
2017-12-10T05:06:00Z,8,304_THIN,304.0,2015-05-01T12:00:00.000,2016-05-01T12:00:00.000,-0.001115,0.0,0.0,0.011281,303.799988
2020-11-02T11:14:52Z,10,304_THIN,304.0,2015-05-01T12:00:00.000,2018-06-18T18:00:00.000,-0.000418,0.0,0.0,0.010896,303.799988
2020-11-02T11:14:52Z,10,335_THICK,335.0,2015-05-01T12:00:00.000,2018-06-18T18:00:00.000,-0.000287,0.0,0.0,0.011766,335.399994
2017-12-10T05:06:11Z,8,335_THICK,335.0,2015-05-01T12:00:00.000,2016-05-01T12:00:00.000,-0.000481,0.0,0.0,0.010395,335.399994
2017-12-10T05:06:11Z,8,335_THIN,335.0,2015-05-01T12:00:00.000,2016-05-01T12:00:00.000,-0.000481,0.0,0.0,0.014685,335.399994
2020-11-02T11:14:52Z,10,335_THIN,335.0,2015-05-01T12:00:00.000,2018-06-18T18:00:00.000,-0.000287,0.0,0.0,0.016621,335.399994
2020-11-19T19:00:00Z,10,94_THICK,94.0,2015-05-01T12:00:00.000,2018-06-18T18:00:00.000,0.0,0.0,0.0,0.193237,93.900002
2020-11-02T11:14:52Z,10,94_THICK,94.0,2015-05-01T12:00:00.000,2018-06-18T18:00:00.000,0.000121,0.0,0.0,0.178048,93.900002
2020-11-19T19:00:00Z,10,94_THIN,94.0,2015-05-01T12:00:00.000,2018-06-18T18:00:00.000,0.0,0.0,0.0,0.26922,93.900002
2020-11-02T11:14:52Z,10,94_THIN,94.0,2015-05-01T12:00:00.000,2018-06-18T18:00:00.000,0.000121,0.0,0.0,0.248058,93.900002
2017-12-10T05:05:13Z,8,131_THICK,131.0,2015-09-01T12:00:00.000,2030-05-01T00:00:00.000,-0.000122,0.0,0.0,0.06459,131.199997
2017-12-10T05:05:13Z,8,131_THIN,131.0,2015-09-01T12:00:00.000,2030-05-01T00:00:00.000,-0.000122,0.0,0.0,0.776519,131.199997
2017-12-10T05:05:23Z,8,171_THICK,171.0,2015-09-01T12:00:00.000,2030-05-01T00:00:00.000,-4.1e-05,0.0,0.0,2.25956,171.100006
2017-12-10T05:05:23Z,8,171_THIN,171.0,2015-09-01T12:00:00.000,2030-05-01T00:00:00.000,-4.1e-05,0.0,0.0,2.74046,171.100006
2017-12-10T05:05:02Z,8,94_THICK,94.0,2015-09-01T12:00:00.000,2030-05-01T00:00:00.000,0.0,0.0,0.0,0.16856,93.900002
2017-12-10T05:05:02Z,8,94_THIN,94.0,2015-09-01T12:00:00.000,2030-05-01T00:00:00.000,0.0,0.0,0.0,0.234839,93.900002
2020-07-06T21:54:33Z,9,171_THICK,171.0,2016-01-01T12:00:00.000,2017-05-01T12:00:00.000,2.7e-05,0.0,0.0,1.6207,171.100006
2020-07-06T21:54:33Z,9,171_THIN,171.0,2016-01-01T12:00:00.000,2017-05-01T12:00:00.000,2.7e-05,0.0,0.0,1.96563,171.100006
2020-11-02T21:54:49Z,10,1600,1600.0,2016-05-01T12:00:00.000,2018-03-05T12:00:00.000,-0.00017,0.0,0.0,0.00574,1600.0
2020-07-06T21:54:49Z,9,1600,1600.0,2016-05-01T12:00:00.000,2018-03-05T12:00:00.000,-0.000168,0.0,0.0,0.005739,1600.0
2017-12-10T05:06:19Z,8,1600,1600.0,2016-05-01T12:00:00.000,2030-05-01T00:00:00.000,-0.000213,0.0,0.0,0.007321,1600.0
2020-07-06T21:54:51Z,9,1700,1700.0,2016-05-01T12:00:00.000,2018-03-05T12:00:00.000,-1.1e-05,0.0,0.0,0.029998,1700.0
2017-12-10T05:06:27Z,8,1700,1700.0,2016-05-01T12:00:00.000,2030-05-01T00:00:00.000,-2.3e-05,0.0,0.0,0.035046,1700.0
2020-11-02T21:54:51Z,10,1700,1700.0,2016-05-01T12:00:00.000,2018-03-05T12:00:00.000,-1e-05,0.0,0.0,0.03,1700.0
2017-12-10T05:06:00Z,8,304_THICK,304.0,2016-05-01T12:00:00.000,2030-05-01T00:00:00.000,-0.000689,0.0,0.0,0.005069,303.799988
2020-07-06T21:54:43Z,9,304_THICK,304.0,2016-05-01T12:00:00.000,2018-03-05T12:00:00.000,-0.000416,0.0,0.0,0.005903,303.799988
2017-12-10T05:06:00Z,8,304_THIN,304.0,2016-05-01T12:00:00.000,2030-05-01T00:00:00.000,-0.000689,0.0,0.0,0.007019,303.799988
2020-07-06T21:54:43Z,9,304_THIN,304.0,2016-05-01T12:00:00.000,2018-03-05T12:00:00.000,-0.000416,0.0,0.0,0.008173,303.799988
2017-12-10T05:06:11Z,8,335_THICK,335.0,2016-05-01T12:00:00.000,2030-05-01T00:00:00.000,-0.000155,0.0,0.0,0.008661,335.399994
2020-07-06T21:54:46Z,9,335_THICK,335.0,2016-05-01T12:00:00.000,2018-03-05T12:00:00.000,-7.8e-05,0.0,0.0,0.009323,335.399994
2020-07-06T21:54:46Z,9,335_THIN,335.0,2016-05-01T12:00:00.000,2018-03-05T12:00:00.000,-7.8e-05,0.0,0.0,0.01317,335.399994
2017-12-10T05:06:11Z,8,335_THIN,335.0,2016-05-01T12:00:00.000,2030-05-01T00:00:00.000,-0.000155,0.0,0.0,0.012234,335.399994
2020-07-06T21:54:28Z,9,94_THICK,94.0,2016-05-01T12:00:00.000,2020-06-01T12:00:00.000,0.000126,0.0,0.0,0.179666,93.900002
2020-07-06T21:54:28Z,9,94_THIN,94.0,2016-05-01T12:00:00.000,2020-06-01T12:00:00.000,0.000126,0.0,0.0,0.250312,93.900002
2020-07-06T21:54:34Z,9,171_THICK,171.0,2017-05-01T12:00:00.000,2020-06-01T12:00:00.000,9.5e-05,0.0,0.0,1.64202,171.100006
2020-07-06T21:54:34Z,9,171_THIN,171.0,2017-05-01T12:00:00.000,2020-06-01T12:00:00.000,9.5e-05,0.0,0.0,1.99149,171.100006
2020-07-06T21:54:40Z,9,211_THICK,211.0,2017-05-01T12:00:00.000,2019-10-01T12:00:00.000,-0.000451,0.0,0.0,0.793701,211.300003
2020-07-06T21:54:40Z,9,211_THIN,211.0,2017-05-01T12:00:00.000,2019-10-01T12:00:00.000,-0.000451,0.0,0.0,0.967837,211.300003
2020-07-06T21:54:31Z,9,131_THICK,131.0,2018-03-05T12:00:00.000,2020-06-01T12:00:00.000,3.9e-05,0.0,0.0,0.051015,131.199997
2020-07-06T21:54:31Z,9,131_THIN,131.0,2018-03-05T12:00:00.000,2020-06-01T12:00:00.000,3.9e-05,0.0,0.0,0.613321,131.199997
2020-11-02T21:54:49Z,10,1600,1600.0,2018-03-05T12:00:00.000,2020-06-01T12:00:00.000,-0.00029,0.0,0.0,0.00509,1600.0
2020-07-06T21:54:49Z,9,1600,1600.0,2018-03-05T12:00:00.000,2020-06-01T12:00:00.000,-0.000289,0.0,0.0,0.00509,1600.0
2020-07-06T21:54:52Z,9,1700,1700.0,2018-03-05T12:00:00.000,2020-06-01T12:00:00.000,-0.00015,0.0,0.0,0.029782,1700.0
2020-11-02T21:54:52Z,10,1700,1700.0,2018-03-05T12:00:00.000,2020-06-01T12:00:00.000,-0.00015,0.0,0.0,0.02978,1700.0
2020-07-06T21:54:37Z,9,193_THICK,193.0,2018-03-05T12:00:00.000,2019-10-01T12:00:00.000,-0.000378,0.0,0.0,0.805137,195.100006
2020-07-06T21:54:37Z,9,193_THIN,193.0,2018-03-05T12:00:00.000,2019-10-01T12:00:00.000,-0.000378,0.0,0.0,0.965113,195.100006
2020-07-06T21:54:44Z,9,304_THICK,304.0,2018-03-05T12:00:00.000,2020-06-01T12:00:00.000,4.4e-05,0.0,0.0,0.004253,303.799988
2020-07-06T21:54:44Z,9,304_THIN,304.0,2018-03-05T12:00:00.000,2020-06-01T12:00:00.000,4.4e-05,0.0,0.0,0.005888,303.799988
2020-07-06T21:54:47Z,9,335_THICK,335.0,2018-03-05T12:00:00.000,2020-06-01T12:00:00.000,-0.000313,0.0,0.0,0.008834,335.399994
2020-07-06T21:54:47Z,9,335_THIN,335.0,2018-03-05T12:00:00.000,2020-06-01T12:00:00.000,-0.000313,0.0,0.0,0.012479,335.399994
2020-11-02T11:14:52Z,10,131_THICK,131.0,2018-06-18T18:00:00.000,2020-06-01T12:00:00.000,-2.8e-05,0.0,0.0,0.052687,131.199997
2020-11-02T11:14:52Z,10,131_THIN,131.0,2018-06-18T18:00:00.000,2020-06-01T12:00:00.000,-2.8e-05,0.0,0.0,0.633419,131.199997
2020-11-02T11:14:52Z,10,171_THICK,171.0,2018-06-18T18:00:00.000,2020-06-01T12:00:00.000,0.0,0.0,0.0,1.701701,171.100006
2020-11-02T11:14:52Z,10,171_THIN,171.0,2018-06-18T18:00:00.000,2020-06-01T12:00:00.000,0.0,0.0,0.0,2.063863,171.100006
2020-11-02T11:14:52Z,10,193_THICK,193.0,2018-06-18T18:00:00.000,2020-06-01T12:00:00.000,-0.000327,0.0,0.0,0.768609,195.100006
2020-11-02T11:14:52Z,10,193_THIN,193.0,2018-06-18T18:00:00.000,2020-06-01T12:00:00.000,-0.000327,0.0,0.0,0.921329,195.100006
2020-11-02T11:14:52Z,10,211_THICK,211.0,2018-06-18T18:00:00.000,2020-06-01T12:00:00.000,-0.000479,0.0,0.0,0.654831,211.300003
2020-11-02T11:14:52Z,10,211_THIN,211.0,2018-06-18T18:00:00.000,2020-06-01T12:00:00.000,-0.000479,0.0,0.0,0.798502,211.300003
2020-11-02T11:14:52Z,10,304_THICK,304.0,2018-06-18T18:00:00.000,2020-06-01T12:00:00.000,0.0,0.0,0.0,0.004107,303.799988
2020-11-02T11:14:52Z,10,304_THIN,304.0,2018-06-18T18:00:00.000,2020-06-01T12:00:00.000,0.0,0.0,0.0,0.005686,303.799988
2020-11-02T11:14:52Z,10,335_THICK,335.0,2018-06-18T18:00:00.000,2020-06-01T12:00:00.000,-0.000172,0.0,0.0,0.007902,335.399994
2020-11-02T11:14:52Z,10,335_THIN,335.0,2018-06-18T18:00:00.000,2020-06-01T12:00:00.000,-0.000172,0.0,0.0,0.011162,335.399994
2020-11-02T11:14:52Z,10,94_THICK,94.0,2018-06-18T18:00:00.000,2020-06-01T12:00:00.000,0.0,0.0,0.0,0.20261,93.900002
2020-11-19T19:00:00Z,10,94_THICK,94.0,2018-06-18T18:00:00.000,2020-06-01T12:00:00.000,0.0,0.0,0.0,0.193237,93.900002
2020-11-19T19:00:00Z,10,94_THIN,94.0,2018-06-18T18:00:00.000,2020-06-01T12:00:00.000,0.0,0.0,0.0,0.26922,93.900002
2020-11-02T11:14:52Z,10,94_THIN,94.0,2018-06-18T18:00:00.000,2020-06-01T12:00:00.000,0.0,0.0,0.0,0.282278,93.900002
2020-07-06T21:54:37Z,9,193_THICK,193.0,2019-10-01T12:00:00.000,2030-05-01T00:00:00.000,0.0,0.0,0.0,0.63037,195.100006
2020-07-06T21:54:37Z,9,193_THIN,193.0,2019-10-01T12:00:00.000,2030-05-01T00:00:00.000,0.0,0.0,0.0,0.755621,195.100006
2020-07-06T21:54:40Z,9,211_THICK,211.0,2019-10-01T12:00:00.000,2030-05-01T00:00:00.000,0.0,0.0,0.0,0.477872,211.300003
2020-07-06T21:54:40Z,9,211_THIN,211.0,2019-10-01T12:00:00.000,2030-05-01T00:00:00.000,0.0,0.0,0.0,0.582716,211.300003
2020-07-06T21:54:31Z,9,131_THICK,131.0,2020-06-01T12:00:00.000,2030-05-01T00:00:00.000,0.0,0.0,0.0,0.05266,131.199997
2020-11-02T11:14:52Z,10,131_THICK,131.0,2020-06-01T12:00:00.000,2030-05-01T00:00:00.000,0.0,0.0,0.0,0.051617,131.199997
2020-11-02T11:14:52Z,10,131_THIN,131.0,2020-06-01T12:00:00.000,2030-05-01T00:00:00.000,0.0,0.0,0.0,0.620555,131.199997
2020-07-06T21:54:31Z,9,131_THIN,131.0,2020-06-01T12:00:00.000,2030-05-01T00:00:00.000,0.0,0.0,0.0,0.633096,131.199997
2020-07-06T21:54:49Z,9,1600,1600.0,2020-06-01T12:00:00.000,2030-05-01T00:00:00.000,0.0,0.0,0.0,0.004026,1600.0
2020-11-02T21:54:49Z,10,1600,1600.0,2020-06-01T12:00:00.000,2030-05-01T00:00:00.000,0.0,0.0,0.0,0.00403,1600.0
2020-11-02T21:54:52Z,10,1700,1700.0,2020-06-01T12:00:00.000,2030-05-01T00:00:00.000,0.0,0.0,0.0,0.02655,1700.0
2020-07-06T21:54:52Z,9,1700,1700.0,2020-06-01T12:00:00.000,2030-05-01T00:00:00.000,0.0,0.0,0.0,0.026555,1700.0
2020-11-02T11:14:52Z,10,171_THICK,171.0,2020-06-01T12:00:00.000,2030-05-01T00:00:00.000,0.0,0.0,0.0,1.701701,171.100006
2020-07-06T21:54:34Z,9,171_THICK,171.0,2020-06-01T12:00:00.000,2030-05-01T00:00:00.000,0.0,0.0,0.0,1.8182,171.100006
2020-11-02T11:14:52Z,10,171_THIN,171.0,2020-06-01T12:00:00.000,2030-05-01T00:00:00.000,0.0,0.0,0.0,2.063863,171.100006
2020-07-06T21:54:34Z,9,171_THIN,171.0,2020-06-01T12:00:00.000,2030-05-01T00:00:00.000,0.0,0.0,0.0,2.20516,171.100006
2020-11-02T11:14:52Z,10,193_THICK,193.0,2020-06-01T12:00:00.000,2030-05-01T00:00:00.000,0.0,0.0,0.0,0.589136,195.100006
2020-11-02T11:14:52Z,10,193_THIN,193.0,2020-06-01T12:00:00.000,2030-05-01T00:00:00.000,0.0,0.0,0.0,0.706196,195.100006
2020-11-02T11:14:52Z,10,211_THICK,211.0,2020-06-01T12:00:00.000,2030-05-01T00:00:00.000,0.0,0.0,0.0,0.431043,211.300003
2020-11-02T11:14:52Z,10,211_THIN,211.0,2020-06-01T12:00:00.000,2030-05-01T00:00:00.000,0.0,0.0,0.0,0.525614,211.300003
2020-11-02T11:14:52Z,10,304_THICK,304.0,2020-06-01T12:00:00.000,2030-05-01T00:00:00.000,0.0,0.0,0.0,0.004107,303.799988
2020-07-06T21:54:44Z,9,304_THICK,304.0,2020-06-01T12:00:00.000,2030-05-01T00:00:00.000,0.0,0.0,0.0,0.004406,303.799988
2020-11-02T11:14:52Z,10,304_THIN,304.0,2020-06-01T12:00:00.000,2030-05-01T00:00:00.000,0.0,0.0,0.0,0.005686,303.799988
2020-07-06T21:54:44Z,9,304_THIN,304.0,2020-06-01T12:00:00.000,2030-05-01T00:00:00.000,0.0,0.0,0.0,0.0061,303.799988
2020-07-06T21:54:47Z,9,335_THICK,335.0,2020-06-01T12:00:00.000,2030-05-01T00:00:00.000,0.0,0.0,0.0,0.006569,335.399994
2020-11-02T11:14:52Z,10,335_THICK,335.0,2020-06-01T12:00:00.000,2030-05-01T00:00:00.000,0.0,0.0,0.0,0.006929,335.399994
2020-11-02T11:14:52Z,10,335_THIN,335.0,2020-06-01T12:00:00.000,2030-05-01T00:00:00.000,0.0,0.0,0.0,0.009789,335.399994
2020-07-06T21:54:47Z,9,335_THIN,335.0,2020-06-01T12:00:00.000,2030-05-01T00:00:00.000,0.0,0.0,0.0,0.009279,335.399994
2020-11-19T19:00:00Z,10,94_THICK,94.0,2020-06-01T12:00:00.000,2030-05-01T00:00:00.000,0.0,0.0,0.0,0.193237,93.900002
2020-11-02T11:14:52Z,10,94_THICK,94.0,2020-06-01T12:00:00.000,2030-05-01T00:00:00.000,0.0,0.0,0.0,0.20261,93.900002
2020-07-06T21:54:28Z,9,94_THICK,94.0,2020-06-01T12:00:00.000,2030-05-01T00:00:00.000,0.0,0.0,0.0,0.213493,93.900002
2020-07-06T21:54:28Z,9,94_THIN,94.0,2020-06-01T12:00:00.000,2030-05-01T00:00:00.000,0.0,0.0,0.0,0.29744,93.900002
2020-11-19T19:00:00Z,10,94_THIN,94.0,2020-06-01T12:00:00.000,2030-05-01T00:00:00.000,0.0,0.0,0.0,0.26922,93.900002
2020-11-02T11:14:52Z,10,94_THIN,94.0,2020-06-01T12:00:00.000,2030-05-01T00:00:00.000,0.0,0.0,0.0,0.282278,93.900002
